ROLL_BAD,PITCH_BAD,ROLL_FILTERED,PITCH_FILTERED
-3.62,1.56,-3.43,3.08
-4.82,1.58,-2.15,3.31
-4.31,1.97,-0.7,3.34
-2.49,2.11,-0.68,3.22
-1.04,2.09,-1.69,3.09
-1.35,1.94,-2.51,3.31
-3.26,1.77,-3.03,3.63
-4.01,2.07,-2.89,4.32
-4.32,2.37,-4.4,5.58
-4.97,3.65,-6.57,5.88
-7.08,4.82,-6.69,3.9
-9.01,4.11,-3.61,1.25
-7.75,0.96,2.48,0.02
-3.23,-2.06,7.58,0.65
3.69,-2.94,10.14,1.53
10.32,-1.39,10.13,1.83
11.46,-0.76,7.45,2.4
10.29,-0.83,3.75,3.06
6.82,-0.6,1.16,2.88
1.22,0,0.12,2.23
-0.46,-0.63,-0.58,1.68
-0.99,-1.43,-2,1.21
-2.3,-2.04,-4.2,1.35
-4.44,-2.12,-5.66,1.9
-6.73,-1.64,-6.08,2.52
-7.76,-0.91,-5.98,3.01
-7.8,-0.21,-4.85,3.38
-7.05,0.38,-2.08,3.83
-4.92,0.74,-0.74,4.08
-1.8,1.14,-3.76,3.89
-1.66,1.27,-5.9,3.82
-7.7,1.16,-2.4,4.05
-7.45,1.37,3.3,4.11
-1.45,1.54,5.72,4.03
4.43,1.46,1.66,3.95
4.58,1.39,-2.48,3.98
-1.41,1.43,-2.83,4.09
-6.31,1.77,0.05,4.01
-4.18,1.87,3.04,3.64
-0.31,1.61,2.93,3.43
2.48,1.23,-0.03,3.35
-0.51,1.15,-1.93,3.52
-3.93,1.35,-0.97,3.69
-4.87,1.67,1.85,3.63
-2.76,1.76,4.98,3.44
0.72,1.6,4.45,3.27
4.07,1.25,2.04,3.24
1.33,1.22,0.54,3.58
-1.49,1.4,1.8,3.98
-2.38,1.9,4.35,4.09
-0.22,2.29,7.34,3.97
4.53,2.22,6.88,3.85
6.88,2.06,4.98,3.79
4.76,2.04,4.61,4.07
2.53,2.12,6.67,4.3
3.66,2.63,10.39,4.22
7.09,2.64,15.62,4.08
11.76,2.44,16.98,3.79
16.85,2.25,14.47,3.8
16.74,2.15,13.13,4.04
11.9,2.47,14.7,4.31
11.87,2.87,17.53,4.22
14.5,3.08,20.53,4.02
19.37,2.69,19.64,3.96
21.13,2.49,15.91,4.04
17.94,2.57,14.04,4.63
13.64,2.79,14.66,5.1
12.46,3.85,16.71,5.29
14.52,4.16,18.58,5.27
17.05,4.13,17.59,5.42
18.41,4.15,15.4,5.92
16.62,4.5,14.51,6.78
13.19,5.64,16.23,7.29
13.59,6.46,18.78,7.48
16.27,6.7,20.69,7.62
19.18,6.62,18.42,7.75
20.39,6.74,14.87,7.97
16.35,7.02,12.99,8.17
12.62,7.4,13.84,8.16
11.47,7.64,15.95,7.91
14.46,7.35,16.83,7.56
16.66,6.87,13.92,7.97
16.28,6.68,10.83,8.71
12.45,7.42,9.87,9.72
8.14,9.02,12.38,10.25
8.9,9.95,16.27,10.21
12.69,10.11,20,9.77
19.49,9.37,18.57,9.64
21.07,9.12,17.32,9.69
17.82,9.32,18.68,10.02
16.6,9.51,21.71,9.84
20.32,9.76,26.86,8.94
24.36,9.07,30.13,7.96
30.25,7.49,26.49,7.82
32.51,6.46,22.13,8.27
24,7.05,21.83,8.58
21.2,7.68,24.38,8.2
23.06,7.72,27.02,7.34
26.46,6.91,28,6.79
29.15,5.79,25.69,7.08
28.45,5.5,24.93,7.76
25.52,6.24,27.35,7.85
25.68,6.87,31.22,7.42
31.13,6.49,35.24,6.73
35.41,5.66,35.94,6.45
38.85,4.84,32.83,6.94
37.6,5.01,31.63,7.74
32.54,6.23,33.52,7.83
33.42,6.84,36.88,7.35
36.69,6.57,39.37,6.74
40.46,5.77,37.26,6.8
42.21,5.05,32.38,7.46
35.95,5.61,29.64,8.33
30.94,6.64,30.82,8.56
29.89,7.56,33.99,8.3
32.8,7.54,37.27,7.94
36.55,7.02,38.66,8.13
40.74,6.31,36.68,9.05
40.1,6.86,35.06,10.78
37.08,8.19,36.2,11.63
36.21,10.04,39.13,11.65
39.9,10.49,41.67,11.48
43.21,9.81,40.67,11.75
44.78,9.46,36.96,12.28
42.27,9.95,34.73,12.75
37.76,10.79,35.54,12.65
35.83,11.63,37.59,12.17
37.98,11.24,39.31,11.52
40.34,10.5,38.04,11.62
41.6,9.76,34.69,12.17
37.57,10.61,32.93,12.93
34.12,11.69,33.54,13.24
33.09,12.7,35.56,13.07
35.66,12.67,37.05,12.96
37.93,12.08,35.99,13.38
38.6,12.04,33.25,14.36
36.36,12.88,31.23,15.57
32.02,15.16,31.12,16.09
30.98,16.36,32.66,15.98
31.84,16.57,33.82,15.62
33.94,16,32.9,15.42
34.95,15.35,30.71,15.47
32.19,15.47,29.05,15.64
29.7,15.87,29.25,15.8
28.4,16.23,30.43,15.8
29.89,16.22,30.86,15.87
31.23,15.91,29.08,16.14
31.06,15.93,27.15,16.5
28.73,16.45,26.01,16.84
25.73,17.27,26.97,17.02
25.51,17.54,28.45,16.97
27.37,17.38,28.78,16.93
29.68,16.76,25.79,17
28.36,16.79,22.1,17.06
24.23,17.29,19.1,17.17
20.01,17.67,19.63,17.29
16.9,18.03,22.47,17.32
19.7,17.89,25.41,17.32
23.57,17.43,25.19,17.64
26.66,17.03,21.95,18.01
23.71,17.86,19.4,18.68
19.55,18.86,19.36,19.15
17.4,19.86,21.71,19.28
18.05,20.3,24.24,19.21
22.91,19.83,24.76,19.33
25.46,19.38,22.06,19.59
24.8,19.56,19.78,19.96
19.6,20.6,19.15,20.39
17.78,21.25,20.43,20.55
18.05,21.63,22.03,20.54
20.29,21.41,22.3,20.81
22.77,21,20.63,21.27
21.97,21.43,18.81,21.95
19.66,22.17,17.86,22.63
17.74,23.08,18.47,22.89
17.31,23.99,19.88,22.81
19.03,23.77,20.01,22.87
20.8,23.31,18.02,23.14
20.63,23.27,16.06,23.45
16.62,24.2,15.05,23.81
14.58,24.75,16.11,23.87
14.07,25.14,17.78,23.84
17.14,24.71,19.09,24.02
19.41,24.24,17.56,24.44
20.55,24.17,14.97,25.06
17.91,24.96,12.85,25.65
13.08,26.47,12.86,25.81
11.47,27.12,14.9,25.51
12.67,27,16.76,24.96
15.67,26.22,16.76,24.82
18.59,25.06,14.18,24.96
16.77,25.33,11.21,25.12
12.68,26.06,9.74,25.1
9.09,26.55,10.88,24.82
7.97,26.46,12.46,24.44
10.57,25.87,12.61,24.31
12.69,25.24,10.31,24.37
11.12,25.16,8,24.27
7.53,25.56,7.04,24.06
5.09,25.51,8.55,23.88
4.9,25.26,10.36,23.64
8.75,24.72,10.37,23.6
10.77,24.24,8.01,23.62
9.51,24.32,5.88,23.5
5.93,24.66,5.21,23.24
2.7,24.54,6.65,22.97
3.47,24.16,8.05,22.59
5.9,23.76,8.37,22.33
7.64,23.26,6.55,22.21
7.75,22.93,4.58,22.05
3.69,23.1,3.13,21.62
1.52,22.89,3.42,21.21
0.46,22.4,4.55,20.79
2.1,21.73,4.75,19.99
3.48,21.12,3.01,19.31
2.96,20.13,0.89,18.99
0.41,19.59,-0.57,18.97
-2.99,19.44,0.83,19.05
-3.28,19.59,3.54,18.84
-0.48,19.57,5.7,18.48
3.05,19.13,4.72,18.54
5.33,18.63,2.44,18.63
1.91,19.05,0.66,18.58
-1.03,19.19,0.53,18.35
-2.63,19.11,2.49,18.07
-1.13,18.64,4.42,17.56
1.6,18.22,4.98,17.18
3.68,17.53,2.18,16.96
3.41,17.13,-0.2,16.72
-2.15,17.06,-1.67,16.42
-4.3,16.79,-0.37,16.19
-5.12,16.51,1.99,16.05
-2.99,16.22,4.38,15.73
1.34,15.86,4,15.31
3.26,15.36,1.71,14.98
1.58,14.97,0.53,14.85
-1.55,14.77,0.48,14.76
-2.78,14.61,1.63,14.64
-2.12,14.42,3.23,14.46
-0.38,14.15,4.64,14.12
1.55,13.82,3.27,13.38
2.78,12.98,0.32,12.7
-0.33,12.23,-1.22,12.36
-3.58,11.73,0.46,12.09
-4.47,11.52,4.14,11.56
0.12,10.96,8.18,10.79
4.68,10.08,8.76,10.4
8.56,9.09,3.28,10.69
6.93,9.11,-1.75,11.3
-0.32,9.79,-1.2,11.33
-6.52,10.69,4.15,10.7
-2.63,10.2,9.92,9.7
4.42,9.13,12.42,8.77
10.51,7.73,6.32,8.99
9.52,7,-0.64,9.46
-0.13,8.02,-1.76,9.51
-6.48,8.56,2.48,9.25
-5.11,8.37,7.01,8.58
3.33,7.48,7.86,7.79
7.42,6.38,3.15,7.91
5.55,5.88,-1.24,8.61
-1.06,6.54,-1.32,8.84
-5.46,7.51,1.98,8.19
-2.51,7.3,6.17,7.8
1.93,6.32,7.19,7.09
6.27,5.82,2.84,7.14
6.01,5.2,-1.14,7.46
-2.44,5.88,-1.68,7.61
-5.56,6.2,1.49,7.45
-4.28,6.27,5.32,6.84
0.18,5.88,6.54,6.42
4.51,5.03,2.77,6.94
3.34,4.85,-0.51,7.96
-1.68,6,-1.9,8.45
-4.72,7.16,0.24,8.25
-5.41,7.54,3.33,7.57
-0.48,6.53,5.09,6.68
2.84,5.61,1.18,6.43
2.5,4.84,-3.73,6.69
-3.23,5.03,-7.89,7.13
-8.54,5.56,-6.97,7.43
-12.41,6.11,-2.86,7.14
-7.95,6.21,3.44,6.67
-2.62,5.61,6.53,5.74
4.38,4.84,2.21,5.82
6.58,3.9,-2.36,6.94
-2.41,4.92,-6.33,7.67
-7.37,6.33,-5.28,7.83
-10.2,6.83,-1.75,7.32
-7.21,6.55,3.2,6.22
-0.31,5.16,3.43,5.14
4.07,3.59,-0.71,5.38
1.36,3.01,-5.18,6.33
-4.08,3.85,-7.66,6.93
-8.57,5.07,-5.65,6.79
-10.19,5.77,-2.36,6.09
-6.16,5.07,0.58,4.92
-2.39,4.07,-2.44,4.42
-0.59,2.95,-7.18,4.94
-5.04,2.85,-11.86,5.87
-10.59,3.77,-13.46,6.26
-16.92,5.32,-10.7,6.22
-16.15,5.42,-7.65,5.8
-11.95,5.08,-7.74,5.08
-8.86,4.52,-11.48,5.06
-12.02,3.79,-14.74,5.6
-16.39,4.25,-16.4,6.27
-19.45,5.01,-13.88,6.5
-19.59,5.93,-10.53,6.59
-15.36,5.84,-9.7,6.51
-11.92,5.9,-13.03,6.58
-11.93,5.91,-15.85,6.93
-18.28,6.21,-18.2,7.73
-20.92,6.71,-17.62,8.3
-22.69,7.71,-14.95,8.5
-20.74,8.19,-13.69,8.63
-16.32,8.29,-16.29,8.58
-16.91,8.4,-18.4,8.57
-20.61,8.36,-19.17,9.01
-22.63,8.26,-17.69,9.51
-22.45,9.06,-15.35,9.88
-19.69,9.61,-13.66,10.17
-17.02,9.97,-15.5,10.22
-15.79,10.19,-18.33,10.44
-20.42,10.33,-20.69,10.8
-23.28,10.47,-22.11,11.05
-25.58,10.77,-20.27,11.29
-26.5,11.06,-17.59,11.53
-22.26,11.41,-16.55,11.61
-19.46,11.7,-18.68,11.65
-19.51,11.87,-20.49,11.72
-22.64,11.99,-20.41,12.04
-24.57,11.89,-18.22,12.68
-23.11,12.32,-14.72,13.25
-19.85,12.96,-11.69,13.94
-15.81,13.43,-13.7,14.07
-13.83,14.03,-16.53,13.9
-18.17,13.78,-19.06,13.52
-21.34,13.27,-22.17,12.88
-23.93,12.75,-23.62,12.52
-27.06,12.31,-22.25,12.38
-27.66,12.26,-21.01,12.08
-24.99,12.26,-24.1,11.9
-23.88,12.04,-28.59,11.97
-30.72,11.93,-31.03,11.8
-35.32,11.36,-30.65,11.7
-36.76,10.63,-27.26,11.81
-35.04,10.39,-22.53,12.07
-30.7,10.52,-20.89,12.46
-25.51,10.83,-25.75,12.31
-25.85,11.11,-29.56,12.03
-32.82,10.91,-30.42,11.87
-36.18,10.42,-29.33,11.73
-35.63,10.12,-27.01,11.84
-33.3,10.27,-25.94,12.14
-30.5,10.61,-29.84,12.28
-30.44,10.92,-34.44,12.17
-38.5,11.08,-36.78,11.96
-42.46,10.54,-36.4,11.87
-43.64,9.98,-33.36,12.04
-41.96,9.92,-29.49,12.38
-38.08,10.27,-29.79,12.49
-32.78,10.95,-34.89,12.39
-36.43,11.06,-38,12.33
-42.79,10.74,-38.77,12.27
-45.31,10.02,-37.54,12.21
-44.94,9.51,-34.69,12.23
-42.34,9.71,-32.57,12.34
-38.69,10.02,-35.44,12.09
-36.99,10.2,-40.05,11.98
-43.88,10.07,-42.13,11.9
-48.25,9.65,-41.36,11.99
-49.16,9.07,-37.99,12.09
-47.3,9.03,-32.65,12.1
-43.11,9.37,-28.96,12.11
-33.96,9.68,-32.72,11.95
-33.24,9.68,-36.39,12.11
-39.5,9.56,-38.22,12.36
-43.52,9.32,-38.42,12.63
-45.34,9.18,-36.09,12.73
-44.09,9.51,-32.78,12.8
-40.75,9.84,-30.63,12.64
-36.95,10.2,-34.12,12.36
-35.94,10.13,-38.57,12.48
-42.15,10.01,-40.9,12.66
-46.58,9.56,-40.69,12.85
-48.4,9.02,-36.92,12.97
-45.84,9.22,-30.68,13.11
-39.96,9.75,-23.22,13.42
-32.32,10.36,-24.3,12.96
-25.43,10.72,-30.56,13.31
-32.74,10.97,-34.04,13.58
-39.52,10.88,-34.51,13.93
-41.67,10.05,-31.6,13.98
-40.95,9.91,-26.14,13.96
-36.87,10.28,-18.84,14.02
-26.56,10.99,-17.96,13.63
-19.28,11.11,-24.43,13.86
-21.41,11.02,-28.8,14.06
-30.61,10.95,-29.45,14.05
-35.62,10.04,-27.13,14.03
-34.84,9.07,-22.76,14.14
-31.01,9.49,-16.42,14.27
-25.55,10.15,-15.63,14.16
-16.44,10.66,-21.51,14.49
-19.94,11.1,-25.19,14.75
-27.83,11.26,-24.49,14.95
-31.08,10.4,-20.27,15
-27.45,9.75,-13.47,15.07
-21.11,10.09,-4.43,15.16
-12.3,10.43,-1.26,15.02
-3.1,10.29,-6.77,15.59
-1.67,10.36,-12.05,16.3
-13.52,11.54,-11.7,16.72
-17.47,11.74,-6.66,16.59
-14.53,11.8,-0.66,15.57
-7.7,11.55,5.55,14.03
-1,10.4,4.63,12.74
6.79,7.45,-1.66,13.42
2.25,7.02,-6.01,14.68
-5.55,8.48,-5.56,15.57
-10.28,10.33,-0.91,15.3
-6.57,10.65,5.22,14.58
-0.26,9.92,12.72,13.73
6.85,8.82,13.64,13.6
14.57,7.48,6.85,14.86
11.4,8.35,0.89,16.39
1.77,10.63,1.73,16.55
-3.47,12.17,7.58,15.7
-0.5,11.81,13.63,14.09
10.34,9.63,17.19,12.37
16.37,7.27,12.89,12.51
18.12,5.71,7.21,13.73
8.23,7.78,6.39,14.31
3.66,9.36,10.03,13.85
5.61,9.47,14.21,12.82
10.79,8.4,19.87,11.56
15.41,6.98,24.05,11.88
24.48,5.24,23.2,13.6
26.5,6.5,22.05,15.51
24,8.72,23.48,16.26
23.66,11.03,25.9,16
26.4,10.7,26.43,15.56
29.05,9.68,21,14.88
28.39,8.81,14.53,14.9
18.24,8.33,12.48,15.41
12.59,8.99,15.57,15.75
13.01,9.8,20.21,15.66
17.92,9.99,24.62,15.47
23.16,9.52,27.85,15.66
29.58,8.5,26.32,16.54
30.91,8.72,22.17,17.68
27.37,9.71,20.82,18.82
22.69,11.06,22.12,19.21
22.6,12.52,23.68,19.34
24.92,12.33,22.86,19.98
26.41,12.17,19.95,20.79
23.56,13.38,18.47,21.42
20.3,14.62,20.11,21.25
19.54,15.36,25.06,20.71
22.37,14.95,30.2,20
31.05,13.29,31.45,20.49
35.75,11.96,26.41,20.69
35.19,12.61,20.99,20.71
28.36,13.54,18.41,21.1
22.5,13.28,19.49,21.71
20.96,14.42,21.16,21.7
23.45,14.75,21.28,21.45
25.42,14.08,17.86,21.15
24.09,14.17,13.01,21.1
18.49,13.91,10.82,21.34
13.38,14.28,13.08,21.15
12.31,14.82,15.78,20.55
17.74,13.87,14.13,19.9
19.55,12.88,7.81,19.99
15.87,13.16,1.99,19.84
7.74,14.02,0.24,19.76
-0.13,13.69,2.27,19.62
0.7,13.91,5.18,19.18
4.2,13.58,5.35,19.21
7.58,12.88,1.2,19.05
5.34,13.18,-0.73,19.28
0.44,13.03,-1.19,19.6
-0.82,13.48,1.59,19.12
0.36,13.61,4.78,19.08
4.67,12.84,3.89,19.54
7.57,12.82,-1.41,19.25
4.85,13.61,-4.84,19.18
-1.86,13.69,-6.59,19.11
-6.7,13.47,-4.53,18.95
-7.05,13.55,-2.3,18.99
-3.65,13.36,-4.02,19.07
-1.15,13.38,-6.93,18.53
-5.03,13.33,-9.11,18.48
-8.06,12.78,-10.93,18.75
-10.3,12.89,-9.82,18.65
-11.75,13.46,-7.59,18.24
-8.31,13.18,-6.88,18.44
-5.5,12.76,-9.02,17.53
-5.97,13.29,-10.76,17.16
-9.63,11.99,-12.93,17.49
-11.59,12.17,-12.51,17.61
-13.71,13.07,-10.19,16.73
-12.12,12.94,-7.53,16.5
-7.44,11.4,-9.61,17.59
-6.17,11.63,-12.88,17.08
-9.96,12.77,-14.51,17.41
-13.12,11.98,-15.98,17.51
-15.45,12.64,-15.11,17.25
-16.24,12.63,-13.6,17.1
-14.22,12.38,-14.17,16.44
-12.62,12.19,-15.08,15.92
-14.17,11.22,-16,16
-15.02,11.11,-16.24,16.13
-16.01,11.53,-14.47,15.28
-15.92,11.8,-13.84,14.98
-12.24,10.31,-16.74,14.28
-13.84,10.58,-18.88,13.87
-17.4,9.68,-21.44,13.9
-20.74,9.52,-21.57,13.86
-23.04,9.99,-19.36,12.81
-21.98,9.62,-18.05,12.34
-18.89,8.11,-20.41,12.63
-18.8,7.7,-23.31,12.58
-22.96,8.78,-24.46,12.6
-25.47,8.72,-24.07,12.83
-26.02,8.69,-22.92,12.89
-25.21,8.88,-22.71,12.65
-23.21,8.98,-23.84,12.51
-23.68,8.69,-24.77,12.88
-25.26,8.6,-23.89,12.77
-26.28,8.86,-22.13,12.7
-24.13,8.35,-23.22,13.21
-22.55,8.4,-26.06,12.43
-24.08,8.83,-29.26,12.61
-29.21,7.84,-30.87,12.39
-32.51,8.21,-29.06,11.55
-32.93,7.68,-26.82,11.41
-29.72,6.58,-27.08,11.77
-27.08,6.59,-28.43,11.47
-28.54,7.46,-30.16,11.63
-30.12,7.19,-31.39,11.78
-32.98,7.61,-30.35,11.39
-33.18,7.41,-28.76,11.54
-31.11,6.63,-29.26,12.23
-30,6.3,-29.97,11.98
-31.28,7.1,-31.38,11.88
-32.7,6.82,-33.1,12.18
-34.72,7.23,-32.86,11.64
-36.32,7.65,-31.7,11.4
-35.39,6.44,-32.14,11.7
-34.67,5.04,-33.36,11.35
-36.24,6.04,-33.77,11.3
-37.01,6.2,-35.39,11.37
-37.19,6.38,-36.67,10.96
-39.85,6.86,-36.75,10.62
-40.63,5.67,-36.8,10.8
-40.61,4.36,-38.15,11.47
-41.84,5.1,-38.6,11.48
-42.4,5.79,-40.11,11.5
-42.88,6.1,-40.77,11.04
-44.6,6.44,-39.43,11.03
-44.69,4.72,-39.46,11.79
-43.68,4.11,-39.71,11.81
-44.47,5.3,-40.72,11.77
-44.56,5.66,-41.82,11.51
-45.71,6.02,-41.84,11.17
-46.89,5.93,-41.57,11.34
-46.33,4.81,-42.51,11.8
-46.66,4.39,-43.2,11.74
-47.5,5.27,-44.45,11.54
-48.58,5.6,-44.89,11.33
-49.67,5.88,-44.85,11.33
-49.7,5.65,-45.11,11.58
-49.75,4.72,-45.02,11.72
-49.94,5.18,-45.51,11.68
-49.76,5.45,-46.59,11.63
-50.44,5.65,-47.52,11.57
-52.18,6.21,-46.98,11.63
-52.66,5.72,-46.42,12.13
-51.91,5.08,-46.35,12.03
-51.58,5.45,-46.59,12.19
-51.53,5.51,-46.81,12.49
-51.89,6.33,-46.8,12.22
-51.93,7.2,-45.77,12.14
-51.75,6.19,-45.64,12.32
-51.21,3.79,-46.67,12.08
-52.44,4.45,-47.04,12.03
-54.04,5.31,-48.21,11.68
-54.63,5.5,-48.56,11.08
-55.76,5.19,-48.59,10.77
-55.64,3.98,-49.09,10.61
-55.63,2.76,-48.92,10.61
-56.46,2.13,-48.63,10.55
-55.71,2.4,-48.77,10.64
-55.53,2.51,-48.82,10.48
-55.71,3.53,-48.48,10.36
-55.44,3.96,-48.28,10.49
-54.86,3.83,-48.88,10.52
-54.76,4.2,-49.66,10.27
-55.55,4.68,-49.06,9.8
-56.31,3.87,-47.38,9.62
-54.88,1.93,-46.83,9.78
-53.87,0.91,-47,10.47
-54.14,2.66,-46.12,10.72
-53.6,4.87,-45.84,10.93
-52.53,5.2,-45.57,11.3
-52.35,6.29,-44.32,11.88
-51.35,8.11,-41.68,12.82
-49.29,8.35,-38.69,14.12
-46.32,8.61,-37.73,16.16
-44.02,9.47,-36.88,16.96
-43.87,12.48,-35.47,18.01
-42.46,12.67,-35.39,18.62
-41.28,13.97,-35.34,18.17
-41.42,15.11,-34.44,17.73
-40.73,14.3,-33.13,17.93
-39.71,13.03,-33.17,19.27
-39.01,13.27,-32.48,19.56
-39.08,15.67,-30.8,20.51
-37.08,16.57,-30.15,21.45
-35.51,17.96,-29.3,22.09
-35.02,19.3,-27.2,22.56
-33.02,20.37,-24.37,23.24
-30.35,20.55,-22.9,24.53
-27.8,21.12,-21.45,24.91
-26.8,22.75,-19.24,25.89
-23.92,23.86,-17.6,27.06
-21.5,25.42,-15.89,27.54
-19.36,27.03,-14.86,27.93
-17.08,27.59,-14.18,27.85
-16.52,28.13,-12.51,28.19
-15.89,28.01,-11.43,29.01
-13.75,28.46,-11.23,29.57
-12.42,29.86,-10.37,29.56
-11.34,30.75,-9.55,29.88
-10.24,30.45,-9.16,29.71
-10.29,30.97,-8.05,30.22
-9.55,31.21,-8.22,30.99
-7.81,32.38,-7.8,30.66
-7.82,33.04,-6.49,29.98
-6.78,32.23,-5.93,30.33
-5.56,31.52,-5.01,30.63
-5.53,32.16,-3.19,31.08
-2.83,32.28,-2.16,31.72
-0.71,33.13,-0.6,31.77
0.98,33.78,1.37,31.73
3.17,33.65,2.58,32.24
6.19,33.35,2.74,32.22
6.27,33.6,3.64,32.91
6.32,33.6,4.1,33.54
7.75,34.87,4.47,33.77
8.28,35.31,4.35,34
8.5,35.28,3.7,34.99
8.15,35.54,2.99,35.66
6.86,37.54,4.11,35.17
6.67,37.57,5.22,34.7
8.49,36.5,3.98,36.09
9.87,36.22,2.2,35.97
6.46,38.16,2.96,36.76
5.66,37.96,2.38,36.96
6.7,38.98,2.63,36.84
6.08,39.11,2.98,36.9
6.34,38.73,2.92,37.68
6.44,38.85,2.25,37.77
5.98,39.77,2.66,38.31
4.76,39.81,2.32,38.64
5.6,40.92,3.28,38.15
5.24,40.82,4.42,37.5
6.49,39.95,4.17,38.43
7.67,39.55,3.74,37.36
5.33,39.43,4.66,37.9
5.86,38.39,3.74,39.03
6.9,39.56,3.3,39.67
5.64,41.12,3.65,39.78
5.2,41.75,4.06,40.21
5.83,41.66,3.94,40.15
6.27,42.15,4.88,40.41
6.13,41.96,5.41,40.95
7.9,42.48,6.64,40.81
9.06,42.91,8.58,40.28
11.18,42.41,9.08,38.75
13,41.74,10.24,37.74
13.07,39.18,10.72,38.02
14.26,38.88,11.03,38.46
14.89,39.79,12.24,37.68
15.47,40.19,14.91,36.86
18.48,38.44,15.58,37.19
21.13,37.68,15.11,36.23
20.49,37.69,16.69,36.15
19.76,36.52,17.45,36.02
22.46,36.78,19.45,35.18
23.65,36.06,21.81,34.25
26.63,34.59,22.49,32.03
29.18,33.45,23.45,29.99
28.93,29.59,24.55,29.24
29.94,28.02,25.12,29.32
31.05,27.94,25.39,28.63
31.57,28.17,26.64,27.76
32.19,26.75,27.89,27.1
33.7,25.83,28.12,26.65
34.62,25.26,28.3,26.17
34.64,24.92,28.88,25.57
35,24.29,30.07,24.57
35.71,23.26,32.33,23.95
37.48,21.8,33.54,23.95
40.26,20.99,32.45,22.74
40.38,21.06,33.11,22.66
38.71,19.64,34.15,22.73
40.3,20.15,34.39,22.03
41.58,20.28,35.13,21.89
42.21,18.92,34.43,20.41
42.56,19.23,34.23,19.89
40.86,18.29,34.65,19.96
41.22,18.28,34.52,18.84
41.2,18.14,35.29,17.81
41.21,16.31,34.91,17.88
42.58,15.33,32.72,16.51
40.23,15.75,32.96,16.08
37.91,14.23,33.39,16.39
39.19,14.62,33.09,15.76
39.63,15.14,33.72,15.68
39.57,14.02,33.9,15.6
40.48,14.35,33.74,15
40.4,14.26,33.54,15.26
39.92,13.54,32.78,15.15
39.41,14.54,32.58,14.5
38.62,13.96,32.35,14.32
39.21,13.05,29.65,13.37
38.57,13.39,27,13.77
33.03,12.67,25.88,14.27
31.3,14.19,25.47,13.37
30.75,14.4,26.1,13.23
31.26,13.01,24.11,13.9
31.11,13.53,21.33,13.62
27.15,14.39,20.76,13.5
24.52,13.99,20.93,13.38
24.72,14.01,20.4,13.51
24.84,14.02,20.2,13.62
24.13,14.4,20.93,13.38
24.24,14.34,20.44,12.66
24.97,13.62,18.55,13.03
23.21,12.68,16.89,12.59
21.11,13.45,17.49,10.53
20.04,12.28,18.31,9.49
21.77,9.82,13.78,10.93
20.58,10.09,8.76,11.31
13.66,12.07,8.43,11.59
9.69,12.15,7.18,11.69
10.28,12.3,3.68,12.23
7.53,12.68,1.31,11.73
3.54,13.31,1.81,9.81
1.83,12.45,3.38,7.57
4.03,9.15,1.6,6.43
4.21,7.44,-0.86,6.62
0.49,8.74,-2.52,2.86
-1.79,8.57,-3.99,-0.46
-3.25,3.74,-4.75,-3.68
-5.46,-1.26,-4.62,-5.78
-6.16,-4.09,-5.63,-9.47
-6.01,-6.29,-7.52,-13.24
-6.92,-10.6,-7.76,-14.18
-9.72,-15.34,-7.01,-12.43
-8.56,-14.52,-7.5,-10.59
-7.58,-11.83,-8.59,-10.91
-8.45,-10.09,-10.54,-11.72
-10.73,-11.51,-13.78,-12.05
-13.57,-12.22,-17.56,-12.31
-17.27,-12.54,-20.39,-12.53
-20.71,-13.45,-21.26,-12.27
-22.56,-14.6,-22.07,-12.04
-22.58,-15.21,-22.38,-12.1
-23.17,-15.47,-21.8,-12.09
-23.17,-15.68,-21.76,-11.45
-22.43,-14.92,-22.11,-11.17
-22.96,-13.76,-21.62,-11.67
-23.24,-13.61,-21.39,-11.93
-22.32,-14.59,-22.51,-10.61
-21.77,-15.12,-24.81,-9.16
-23.68,-13.82,-24.9,-9.81
-25.85,-12.86,-23.28,-12.39
-25.27,-14.32,-21.36,-14.56
-21.89,-19.24,-20.56,-14.09
-19.42,-21.04,-20.86,-12.24
-18.83,-19.21,-20.85,-11.6
-19.5,-16.57,-19.91,-12.47
-19.39,-16.59,-18.72,-14.68
-18.05,-18.93,-17.32,-17.2
-16.3,-22.04,-15.96,-17.62
-14.07,-24.67,-14.42,-16.08
-11.14,-23.79,-13.97,-14.52
-9.16,-21.52,-14.29,-15.59
-9.28,-20.51,-14.01,-19.93
-10.32,-22.84,-12.94,-24.59
-10.11,-31.6,-12.51,-25.87
-7.43,-35.91,-11.95,-23.16
-5.71,-36.01,-12.45,-18.81
-5.61,-31.92,-12.55,-17.65
-6.77,-25.42,-11.87,-19.95
-6.72,-26.54,-11.05,-23.65
-6.15,-30.68,-9.98,-26.03
-4.06,-36.34,-8.28,-25.75
-1.86,-37.9,-8.41,-23.26
-0.05,-36.31,-9.69,-21.06
-0.5,-32.64,-10.63,-21.34
-3.18,-30.51,-9.59,-23.75
-4.02,-32.28,-8.21,-25.14
-2.51,-35,-7.22,-22.79
-0.61,-35.85,-8.27,-18.72
0.42,-30.98,-10.24,-15.73
-1.29,-26.35,-10.92,-16.18
-3.5,-24.44,-10.47,-18.64
-4.31,-26.22,-9.37,-19.17
-4.15,-29.01,-8.22,-16.71
-1.61,-27.97,-7.54,-13.79
0.25,-24.76,-9.52,-11.67
0.59,-21.93,-13.26,-9.77
-5.15,-19.22,-14.91,-7.68
-8.08,-16.71,-14.77,-7.37
-8.62,-15.03,-12.94,-7.78
-7.63,-15.45,-11.44,-7.21
-5.44,-15.93,-12.54,-5.22
-4.22,-13.99,-16.01,-2.6
-7.27,-11.26,-17.02,-0.54
-11.19,-8.32,-14.67,0.96
-11.67,-6.1,-10.62,2.92
-6.27,-3.68,-9.25,4.49
-2.42,-1.8,-11.92,4.84
-2.61,-0.64,-14.92,4.44
-8.49,-0.51,-15.37,4
-10.86,-0.82,-14.05,4.22
-10.28,-0.96,-13.02,5.12
-8.29,-0.44,-13.55,6.04
-7.25,0.72,-15.89,7.01
-9.27,1.61,-18.31,7.98
-12.17,2.75,-18.8,8.74
-14.39,3.91,-17.14,9.97
-13.5,5.38,-14.85,11.34
-10.76,6.83,-14.41,12.43
-8.88,7.88,-16.53,13.3
-9.69,8.62,-19.59,14.01
-12.56,9.63,-21.21,12.9
-15.99,9.23,-20.77,13.76
-16.67,8.81,-20.1,14.71
-15.6,10.47,-21.23,13.98
-15.07,11.29,-23.46,12.55
-17.75,9.39,-25.07,11.82
-20.2,8.2,-25.1,11.73
-21.3,7.97,-25.39,11.63
-20.79,8.1,-27.89,10.72
-21.93,7.48,-31.45,9.46
-25.79,6.14,-33.41,9.02
-29.53,5.31,-33.13,9.35
-31.04,5.57,-32.6,9.56
-29.5,6.51,-33.82,8.94
-29.4,6.33,-35.83,7.96
-31.38,5.37,-37.09,7.66
-33.69,4.67,-37.83,8.07
-35.03,5.27,-39.68,8.18
-35.8,6.03,-42.25,7.68
-38.13,5.92,-43.69,7.32
-42.83,4.09,-45.82,6.47
-43.51,3.66,-47.17,7.05
-45.14,3.91,-46.89,7.8
-46.55,4.56,-45.69,8.69
-45.58,4.68,-44.8,8.76
-44.5,5.17,-45.77,6.61
-44.73,4.54,-47.05,6.08
-46.12,2.48,-47.36,7.3
-47.69,3.82,-46.63,7.65
-47.51,5.09,-45.7,7.23
-46.44,4.49,-45.27,7.59
-45.51,3.55,-46.06,8.43
-45.57,4.71,-47.91,6.94
-46.94,5.75,-48.98,6.97
-48.72,4.5,-48.37,9.34
-49.52,5.51,-46.78,10.99
-48.02,8.34,-45.99,11.24
-46.38,9.02,-46.11,12.01
-45.91,9.02,-46.24,12.06
-46.48,9.88,-46.93,11.11
-47.36,8.9,-46.72,12.43
-47.74,9.4,-45.44,14.57
-47.38,11.61,-44.32,15.32
-46.12,13.54,-44.03,14.53
-44.67,13.76,-44.97,12.23
-44.6,11.86,-45.88,11.35
-45.75,9.89,-45.52,13
-46.6,10.14,-44.24,15
-45.71,13.38,-43.78,14.8
-44.46,14.22,-44.42,14.55
-44.25,13.29,-44.92,12.93
-44.91,12.77,-44.89,12.23
-45.07,10.6,-44.24,13.69
-44.71,11.19,-42.65,15.95
-44.05,13.53,-40.64,16.56
-41.7,15.87,-38.91,16.43
-39.5,15.31,-38.19,15.08
-38.3,15.22,-39.51,12.23
-38.48,13.87,-39.67,11.9
-40.06,10.71,-38.64,14.36
-39.65,12.12,-37.14,16.87
-38.71,15.05,-35.84,16.75
-37.44,17.1,-34.65,16.06
-35.17,15.94,-34.57,16.81
-34.46,15.41,-34.46,13.85
-34.3,15.09,-33.41,11.94
-33.6,11.63,-32.06,11.98
-31.53,9.9,-30.89,13.25
-30.28,10.88,-29.42,14.94
-29.28,12.62,-27.4,16.13
-27.8,14.43,-25.34,16.42
-25.67,15.38,-24.6,16.87
-22.9,15.09,-24.42,17.56
-23.06,15.69,-22.86,18.1
-23.13,16.51,-19.6,19.57
-19.63,17.74,-16.56,21.47
-15.66,19.64,-14.68,21.31
-12.85,21.29,-13.39,19.92
-11.07,20.19,-11.89,19.81
-9.14,18.02,-9.38,22.14
-7.34,19.24,-5.88,25.68
-4.64,22.69,-1.93,28.06
-0.74,26.54,0.52,28.5
5.82,28.47,0.3,26.99
7.02,27.96,-1.6,24.85
5.53,25.4,-2.23,24.05
3.28,23.15,-0.67,25.06
3.16,22.98,2.08,26.72
6.88,25.67,3.73,27.19
9.91,27.03,3.21,25.93
10.69,26.42,1.96,24.04
9.31,24.17,1.56,23.12
7.86,22.02,2.8,23.83
8.01,21.8,5.29,25.67
10.18,23.63,8.16,27.54
13.27,25.87,11.1,28.27
16.94,27.44,13.62,28.37
20.37,27.6,15.38,26.73
24.21,25.82,15.68,25.18
24.89,23.54,15.92,24.9
24.47,22.16,17.58,25.99
25.44,22.82,20.75,27.51
28.59,24.43,24.53,28.36
32.86,25.74,27.69,28.23
36.99,26,28.88,27.8
40.32,25.03,28.82,27.93
40.25,24.75,29.65,28.51
40.1,25.36,31.29,28.66
41.45,26.11,32.8,27.91
44.01,25.8,33.73,26.61
44.94,24.37,33.94,25.71
45.27,22.64,34.09,26.13
45.19,21.82,35.24,27.85
46.2,23.58,37.32,29.03
48.75,25.47,39.06,28.77
51.42,25.72,39.39,27.41
52.62,25.08,38.77,26.53
51.88,21.91,38.69,27.18
51.16,20.82,39.68,28.93
51.76,21.81,40.88,29.51
54.68,23.6,40.49,28.57
55.33,22.76,38.14,26.51
53.17,21.49,35.29,24.79
49.49,19.04,34.25,24.6
46.27,17.68,34.12,25.52
45.72,18.96,33.77,25.28
45.86,20.19,32.62,23.66
45.16,19.28,29.97,22.77
41.73,17.31,26.3,20.78
38,17.12,22.53,18.18
33.55,14.38,19.8,17.31
29.57,11.83,18,17.76
27.14,11.58,16.9,17.98
24.99,12.91,16.63,16.96
24.41,12.6,15.72,16.01
24.22,11.15,12.24,15.03
21.21,9.99,9.67,14.75
17.21,9.58,7.56,13.25
14.88,9.32,6.85,10.62
13.08,7.31,6.56,7.89
12.68,3.11,4.55,5.13
11.92,0.53,1.25,2.03
8.76,-2.41,-0.99,-0.77
5.1,-5.58,-1.98,-2.17
3.05,-8.22,-2.42,-2.87
2.27,-9.21,-3.42,-3.98
1.73,-9.89,-4.8,-5.28
0.3,-11.36,-5.89,-5.58
-1.41,-12.85,-6.53,-3.77
-2.25,-10.66,-7.95,-5.31
-3.12,-9.75,-8.68,-7.64
-4.88,-12.75,-8.48,-9.97
-5.54,-15.14,-7.53,-11.03
-4.91,-17.28,-7.14,-9.28
-2.8,-16.98,-8.65,-6.85
-3.12,-13.84,-9.89,-7.76
-5.17,-12.07,-10.23,-11
-6.65,-13.9,-9.22,-13.49
-6.79,-19.26,-8.41,-13.12
-4.83,-20.85,-9.22,-9.38
-4.2,-19.79,-12.07,-3.87
-5.41,-14.61,-13.57,-4.39
-9.16,-8.34,-14.73,-7.51
-11.42,-11.34,-15.46,-10.04
-12.71,-14.9,-16.17,-9.02
-13.25,-16.66,-17.64,-6.08
-14.05,-14.91,-20.07,-2.38
-17.69,-9.29,-22.11,-0.77
-20.35,-5.51,-24.68,-1.27
-22.61,-4.72,-26.5,-1.3
-26.76,-5.4,-26.79,0.04
-27.91,-4.48,-26.42,2.69
-27.44,-2.75,-28.2,4.55
-27.13,-0.45,-31.43,5.29
-31.24,1.98,-33.6,5.22
-34.42,2.64,-33.52,6.43
-35.63,3.09,-32.68,6.77
-34.82,4.59,-32,6.67
-33.3,4.36,-32.04,7.24
-32.95,4.33,-33.29,7.79
-33.51,4.76,-34.88,6.25
-35.2,5.37,-35.29,6.14
-37.38,3.37,-34.49,7.88
-36.9,4.96,-33.68,8.09
-35.94,6.34,-33.31,7.98
-35.17,5.73,-33.31,8.5
-34.82,5.83,-33.62,9.22
-35.09,6.68,-34.2,10.2
-35.45,7.81,-35.19,9.65
-35.94,8.95,-35.8,9.74
-37.09,8.18,-36.13,11.17
-37.55,9.25,-36.26,12.86
-37.92,11.29,-36.11,13.38
-38.14,12.92,-35.72,13.6
-37.66,13.06,-35.51,14.41
-37.24,13.15,-35.35,13.35
-37.48,13.92,-36.54,11.24
-37.87,13.22,-37.56,11.24
-39.45,11.07,-37.79,13.41
-40.44,12.67,-37.16,14.43
-40.72,15.06,-36.74,13.86
-39.95,15.44,-36.74,13.82
-39.13,14.26,-37.28,14.3
-39.44,14.49,-37.64,13.37
-40.25,15.12,-38.16,11.75
-40.51,13.75,-38.22,12.03
-40.94,12.17,-38.05,13.84
-40.95,13.68,-37.81,14.8
-41.03,15.53,-37.83,14.49
-40.97,15.78,-38.02,14.59
-41.02,14.9,-37.59,14.02
-41.38,15.41,-37.97,12.46
-41.3,14.83,-38.77,11.86
-41.46,13.19,-39.66,13.11
-42.84,13.65,-39.58,14.62
-43.9,15.63,-38.93,14.36
-43.73,16.54,-38.59,13.91
-42.67,15.68,-39.22,14.35
-42.44,14.92,-39.76,13
-43.66,15.39,-40.75,10.76
-44.49,14,-40.87,10.58
-45.26,11.47,-40.57,12.44
-45.04,12.73,-40.37,14.19
-45.01,14.95,-40.25,14.11
-45.1,16.2,-40.05,13.96
-44.77,15.24,-39.87,14.89
-44.51,15.37,-39.7,14.06
-44.52,16.54,-39.85,13.07
-44.08,15.69,-40.02,13.74
-44.16,15.13,-39.86,16.03
-44.57,16.88,-39.1,17.52
-44.72,19.18,-38.14,17.75
-43.86,20.19,-37.55,18.35
-42.17,20.25,-37.35,19.7
-41.91,21.07,-36.55,19.23
-42.07,22.71,-36.01,17.86
-40.88,21.83,-35.95,18.49
-39.62,20.42,-36.12,21.46
-40.11,22.46,-35.81,25.35
-41.15,26.2,-34.71,27.76
-41.49,30.07,-33.47,28.3
-39.98,32.47,-32.53,28.35
-37.02,33.27,-31.4,26.96
-36.48,33.45,-31.45,24.34
-34.72,31.2,-31.58,24.4
-34.26,28.46,-31.64,27.04
-34.92,30.39,-31.24,29.52
-35.85,33.8,-30.05,29.54
-35.31,36.45,-28.59,28.97
-31.32,36.61,-27.15,25.76
-28.24,34.48,-26.85,23.36
-26.33,30.73,-26.44,23.9
-26.14,28.99,-25.61,26.57
-26.08,31.79,-24.47,28.82
-25.7,35.11,-22.43,29.05
-23.74,37.14,-20.47,28.6
-20.05,37.15,-19.81,28.71
-17.54,36.49,-19.03,27.79
-17.51,36.36,-17.34,28.17
-16.44,35.51,-13.96,28.85
-14.26,36.35,-9.56,28.19
-6.91,37.16,-5.05,26.8
-0.44,35.76,-2.97,26.05
4.65,34.35,-4.55,26.51
5.07,34.06,-6.77,24.02
1.54,34.38,-6.45,22.79
0.05,30.57,-4.84,23.86
1.22,30.3,-3.31,24.59
3.33,32.14,-2.94,23.36
5.13,32.28,-3.35,21.94
5,29.61,-3.75,20.95
4.05,28.39,-3.69,18.87
3.48,27.41,-3.41,17.25
3.72,25.16,-3.37,16
4.14,23.67,-3.49,14.39
3.89,21.87,-3.77,12.64
3.59,19.88,-5.14,10.48
2.99,18.02,-7.14,8.2
1.37,15.74,-8.69,7.4
-1.64,12.75,-8.86,8.26
-2.67,13.07,-8.03,8.57
-2.28,14.45,-8.17,7.76
-1.21,14.05,-11.05,6.77
-3.01,12.3,-13.76,5.03
-7,11.49,-15.73,4.06
-10.16,10.45,-15.83,5.06
-11.91,10.21,-15.86,5.21
-11.49,11.67,-16.77,3.54
-11.82,11.05,-17.75,2.12
-13.68,7.87,-18.65,1.58
-14.56,6.83,-20.79,1.1
-15.72,6.37,-24.29,0.31
-18.54,5.76,-26.97,-0.69
-22.45,4.8,-28,-1.92
-26.02,2.7,-28.14,-3.09
-26.23,0.88,-29.31,-4.03
-26.2,-0.85,-29.35,-3.88
-27.79,-2.11,-30.85,-4.66
-30.44,-2.87,-30.75,-5.45
-32.04,-3.51,-29.32,-6.28
-31.05,-4.48,-27.82,-7.5
-29.1,-6.04,-27.44,-9.56
-27.14,-9.6,-26.66,-10.55
-27.85,-12.29,-26.61,-9.3
-27.63,-11.89,-26.7,-8.83
-27.55,-9.87,-27.02,-9.99
-27.88,-10.1,-27.13,-12.19
-28.35,-12.2,-26.55,-13.65
-28.37,-14.77,-25.54,-13.78
-27.38,-16.28,-25.22,-13.37
-25.5,-16.38,-25.25,-11.92
-25.6,-15.55,-25.69,-11.13
-25.78,-13.5,-26.21,-12.33
-26.47,-13.02,-25.51,-13.59
-27.12,-15.35,-23.52,-13.7
-25.35,-16.39,-21.25,-13.18
-22.45,-16.65,-20.5,-12.6
-20,-16.76,-22.55,-12.04
-20.76,-16.35,-24.4,-10.22
-23.99,-14.45,-25.41,-10.6
-25.92,-11.87,-24.33,-12.5
-26.57,-13.15,-21.86,-13.52
-23.27,-16.82,-19.3,-13.39
-19.54,-17.78,-19.13,-13.21
-17.11,-18.07,-21.86,-12.78
-17.87,-18.18,-24.18,-10.8
-23.56,-15.54,-24.6,-11.49
-25.36,-13.07,-22.94,-13.74
-24.83,-15.29,-20.52,-14.41
-22.07,-18.48,-19.67,-14.13
-18.28,-19.77,-21.2,-14.29
-18.97,-19.67,-21.71,-12.37
-21,-18.86,-21.65,-11.91
-21.03,-16.15,-21.79,-13.13
-20.87,-16.44,-21.31,-14.65
-21.08,-18.5,-20.18,-14.41
-20.21,-20.09,-19.71,-13.46
-18.6,-19.95,-19.47,-11.27
-18.19,-17.9,-19.42,-10.32
-18.01,-15.36,-19.79,-11.5
-18.11,-14.96,-20,-13.82
-19.06,-17.93,-19.25,-15.06
-18.86,-20.37,-18.1,-14.63
-17.4,-21.08,-17.71,-13.62
-16.31,-20.84,-17.59,-11.4
-16.64,-18.38,-17.38,-10.62
-16.31,-16.15,-17.71,-11.97
-16.24,-16.19,-18.18,-14.66
-16.97,-18.19,-17.55,-16.33
-17.67,-22.38,-16.35,-16.17
-16.26,-23.28,-16.71,-15.97
-15.01,-23.18,-16.62,-13.35
-15.17,-21,-16.55,-12.36
-14.98,-18.13,-16.89,-13.8
-15.03,-18.11,-17.22,-16.49
-15.8,-20.49,-16.57,-17.88
-16.15,-24.34,-15.61,-17.62
-14.65,-24.75,-14.38,-16.05
-13.79,-24.59,-13.68,-12.68
-13.34,-22.97,-13.44,-10.6
-12.26,-18.83,-13.79,-11.31
-13.74,-20.83,-13.76,-13.78
-14.64,-24.41,-12.88,-13.52
-13.97,-25.94,-11.95,-11.51
-12.75,-25.27,-11.53,-8.29
-11.54,-21.09,-11.29,-7.09
-11.05,-18.04,-11.53,-8.46
-11.01,-17.94,-12.03,-11.45
-11.72,-20.24,-12,-13.95
-12.95,-25.08,-11.25,-14.23
-12.32,-26.54,-10.63,-13.64
-11.07,-26.11,-9.87,-10.98
-10.38,-25.27,-9.41,-8.71
-8.8,-20.33,-9.33,-8.74
-8.44,-18.96,-9.7,-11
-8.74,-20.02,-9.84,-13.77
-9.56,-22.89,-9.02,-14.76
-9.36,-26.5,-7.92,-14.32
-7.79,-26.39,-8.12,-14.14
-6.83,-26.13,-7.57,-11.87
-7.16,-24.66,-6.75,-10.57
-6.08,-21.92,-6.52,-11.13
-5.2,-21.24,-6.89,-13.42
-5.3,-22.52,-6.77,-15.79
-6.35,-26.6,-5.88,-16.81
-5.66,-28.37,-4.8,-16.69
-4.11,-28.52,-4.46,-15.81
-3.15,-28.43,-3.92,-13.16
-2.84,-25.63,-3.31,-12.28
-2.01,-22.97,-2.91,-13.78
-1.38,-23.13,-2.81,-15.95
-1.1,-25.29,-2.34,-17.19
-1.03,-28.38,-2.06,-17.38
-0.38,-28.75,-1.33,-15.75
0.25,-27.97,-1.77,-14.28
1.02,-25.76,-2.07,-15.42
-0.2,-24.65,-1.96,-17.85
-0.66,-27.33,-0.74,-18.67
-0.06,-29.76,-0.07,-18.28
1.83,-30.01,-1.08,-17.96
1.77,-29.43,-1.36,-15.72
1,-27.26,-1.63,-16.02
0.62,-25.02,-1.52,-18.61
0.21,-26.61,-0.62,-19.83
0.51,-29.73,0.4,-19.25
2.87,-30.22,0.13,-18.86
3.69,-29.59,-1.06,-15.76
2.7,-28.77,-1.47,-15.26
0.42,-23.55,-0.69,-18.58
0.89,-25.84,-0.34,-20.39
2.04,-29.83,0.05,-20.31
2.66,-30.81,0.01,-18.79
2.92,-30.08,-1.03,-16.38
2.95,-27.72,-0.98,-16.85
1.69,-25.24,-1.11,-19.3
1.71,-26.68,-0.68,-20.3
1.62,-30.57,0.56,-20.46
2.74,-30.72,1.19,-20.02
4.63,-30.76,0.24,-18.01
4.38,-29.91,-1.66,-14.46
2.76,-25.56,-0.98,-16.01
0.63,-22.88,-0.02,-19.33
1.9,-26.48,0.96,-19.43
4.03,-30.23,1.96,-19.27
5.16,-29.12,2.23,-18.89
5.78,-28.91,0.92,-15.66
5.54,-28.47,-0.41,-13.23
1.94,-23.33,0.37,-15.23
0.74,-22.98,2.14,-16.92
2.61,-26.52,3.84,-16.13
5.51,-27.35,4.52,-15.71
7.84,-25.63,3.2,-14.68
7.53,-25.44,1.9,-13.54
4.82,-23.9,2.58,-14.09
3.21,-22.91,3.93,-14.48
5.5,-24.27,4.69,-14.32
7.19,-24.09,5.17,-14.98
7.74,-23.92,5.76,-14.44
8.3,-24.46,3.75,-12.26
8.64,-22.91,2.8,-11.6
4.92,-20.18,4.36,-12.78
4.54,-20.62,6.48,-12.58
7.6,-22.18,7.92,-12.33
10.54,-21.48,8.75,-12.76
12.43,-21.28,8.96,-11.87
13.27,-21.56,6.54,-10.05
13.17,-20.35,4.43,-8.98
7.29,-16.85,6.61,-10.79
6.88,-17.65,8.98,-10.78
11.11,-19.84,9.65,-10.86
13.48,-19.06,9.57,-11.57
13.41,-19.72,9.48,-10.82
13.37,-20.01,7.42,-9.34
13.08,-18.79,5.85,-8.67
10.23,-16.89,7.95,-10.38
8.76,-17.32,9.79,-10.2
12.45,-18.81,10.25,-10.6
14.14,-17.98,10.1,-10.88
14.17,-18.38,9.9,-9.89
13.92,-18.38,6.63,-7.76
11.84,-16.2,7.66,-9.09
7.9,-14.35,10.4,-9.93
12.13,-17.46,11.16,-9.69
14.6,-16.97,11.27,-10.69
14.49,-16.86,11.7,-10.52
14.61,-17.97,11.55,-9.43
13.42,-15.29,8.58,-8.43
8.94,-13.45,11.38,-9.55
11.11,-15.65,12.63,-9.49
15.85,-16.25,13.05,-10.75
16.3,-16.53,13.7,-10.7
16.83,-17.83,13.38,-9.53
17.67,-17.35,9.75,-7.35
15.89,-15.08,9.07,-7.45
10.53,-12.72,12.22,-9.67
11.49,-14.52,14.22,-9.13
16.3,-16.67,14.54,-9.48
18.53,-15.23,15.03,-9.81
18.27,-16.16,16.14,-9.09
18.99,-16.16,17.03,-8.1
20.74,-14.58,16.04,-6.3
20.29,-12.52,16.66,-7.49
18.72,-11.39,18.14,-7.77
19.78,-13.7,18.91,-7.05
22.13,-13.17,19.54,-7.79
22.53,-12.66,20.55,-8.26
23.31,-13.83,21.71,-7.33
24.88,-13.92,20.71,-5.43
25.99,-11.34,19.25,-4.21
23.19,-8.62,20.63,-6.58
22.01,-8.93,22.73,-7.31
24.52,-12.25,23.52,-6.67
27.46,-11.35,23.4,-7.3
27.38,-10.88,23.24,-7.74
26.94,-11.99,23.03,-7.2
26.69,-12.23,21.73,-6.31
25.98,-11.03,20.71,-5.8
23.82,-9.78,21.19,-7.47
23.11,-10.39,22.24,-7.99
24.2,-12.78,22.97,-8.18
26.08,-12.89,23.29,-8.23
26.96,-13.11,22.35,-7.21
27.13,-13.04,19.17,-4.86
25.31,-11.78,19.28,-6.15
20.33,-9.28,21.2,-8.69
22.34,-12.81,22.32,-8.18
25.12,-14.72,22.05,-8.2
25.69,-12.83,21.64,-9.3
24.88,-13.94,21.84,-9.48
24.74,-15.04,21.59,-8.76
25.07,-14.5,20.35,-7.22
23.59,-12.22,21.02,-8.43
22.63,-11.65,22.22,-9.49
24.23,-14.04,23.05,-9.08
25.72,-14.54,23.6,-9.79
26.66,-13.84,23.94,-9.74
27.29,-14.65,23.83,-8.37
27.69,-14.09,21.85,-5.69
27.16,-12.24,21.03,-4.12
23.58,-7.85,22.8,-6.4
24.38,-8.78,24.85,-6.69
27.3,-11.56,25.54,-5.78
29.28,-10.75,25.52,-5.95
29.55,-9.16,25.54,-6.06
29.5,-9.63,25.08,-4.94
29.57,-9.07,24.3,-3.05
28.13,-5.9,24.95,-4.22
27.85,-5.06,25.9,-5.08
28.99,-7.54,26.84,-4.56
30.07,-7.96,27.54,-4.63
31.25,-6.93,27.77,-4.52
31.62,-7.27,27.56,-3.4
31.6,-6.84,25.72,-0.76
30.86,-5.37,25.39,0.15
28.09,-1.42,26.49,-1.59
29.05,-3.14,27.19,-1.11
30.53,-5.17,27.19,-0.09
30.95,-3.8,27.07,-0.19
30.71,-2.68,27.48,-0.21
30.74,-3.21,27.7,0.8
31.22,-2.63,26.17,2.91
30.89,-1.05,24.97,2.94
28.16,1.75,23.89,1.92
27.01,-0.36,24.32,1.42
26.26,-1.61,26.11,0.73
27.7,-1.86,26.6,0.98
31.06,-2.12,22.63,4.25
29.76,-0.3,20.31,6.47
24.17,4.67,22.27,2.49
23.57,4.53,24.67,0.17
26.97,-1.69,25.55,0.8
30.24,-2.82,25.04,0.54
29.89,-2.1,23.89,0.95
28.61,-2.85,22.99,2.39
27.32,-2.38,20.93,4.25
25.55,0.26,20.88,3.46
23.63,1.54,22.08,1.79
24.51,-0.81,23.56,1.02
26.36,-2.44,24.07,0.65
28.79,-2.91,22.32,2
28.38,-2.54,19.09,5.43
24.85,0.29,20.45,3.13
21.77,3.68,22.2,0.7
25.73,-2.32,21.83,1.65
26.69,-2.66,20.26,1.78
25.25,-1,19.06,1.52
23.35,-1.46,18.01,2.54
21.85,-1.2,15.94,3.59
20.43,0.31,13.62,4.78
17.71,1.51,12.44,4.64
15.34,2.51,12.02,4.47
14.32,1.71,11.71,4.21
14.21,1.65,11.2,4.13
13.92,1.43,9.42,5.29
13.32,1.59,8.34,6.17
10.05,4.07,9.17,5.93
10.28,4.16,9.75,5.97
11.67,3.62,9.39,5.94
11.9,3.77,9.25,5.62
11.24,3.68,9.82,5.83
11.45,3.26,10.1,6.52
12.19,3.67,9.06,7.56
12,4.36,5.98,8.87
10.15,5.59,6.02,8.52
6.75,6.93,7.92,7.83
8.66,5.64,9.35,7.26
10.96,4.96,9.4,7.32
11.83,4.41,8.63,8.04
11.24,4.51,5.76,9.51
9.28,6.07,5.7,9.38
6.29,7.49,7.38,8.57
7.5,6.66,8.87,7.72
9.63,5.68,9.3,6.83
11.19,4.33,9.13,6.81
11.14,3.94,7.99,8.15
10.66,4.33,4.27,9.84
8.91,6.21,4.07,9.16
4.24,7.87,6.3,7.87
6.34,6.09,7.93,6.71
9.09,4.66,7.33,6.11
9.89,3.6,5.82,6.27
8.52,3.29,5.08,7.38
6.24,4.17,6.06,9.1
6.38,5.92,8.57,10.15
8.29,7.68,11.37,10.12
11.49,8.38,11.43,9.75
13.88,8.11,10.19,9.93
12.14,7.62,10.19,10.27
11.07,8.01,11.07,10.16
11.75,8.31,9.8,10.15
12.83,8.22,7.08,9.98
8.93,8.44,5.93,10.06
6.54,8.27,5.42,9.65
6.01,8.38,5.32,9.06
5.7,7.89,5.77,8.17
5.86,6.89,6.44,7.6
6.63,6.01,6.49,7.65
7.23,5.51,5.57,8.55
6.9,5.68,3.67,9.94
4.98,7.54,1.72,10.06
1.82,9.1,3.1,9.23
0.37,8.72,5.4,8.83
4.21,7.39,6.37,8.54
5.94,6.9,6.11,8.93
5.91,6.67,5.75,9.89
5.4,7.26,3.12,11.69
5.06,8.45,2.28,12.33
0.82,11.03,4.45,12.32
2.29,10.93,6.51,11.89
5.26,10.74,7.21,11.56
6.85,10.21,7.26,11.6
7.01,9.97,6.55,12.01
6.63,10.41,5.37,12.8
5.36,10.94,4.42,13.81
4.05,11.97,3.57,13.96
3.22,13.04,2.99,13.37
2.09,12.62,3.11,12.73
1.85,11.79,3.06,12.52
2.25,11.13,1.85,12.62
2.48,10.86,-1.1,13.3
-0.51,11.29,-2.61,12.98
-3.39,11.32,-2.68,13.68
-4.26,11.06,-2.21,12.7
-3.91,12.14,-1.93,11.19
-3.23,9.76,-2.03,11.01
-3.39,8.69,-2.84,11.22
-3.88,8.82,-5.45,11.99
-6.44,9.27,-8.65,13.04
-9.88,10.5,-10.76,13.3
-13.04,11.62,-11.3,12.53
-14.52,11.6,-11.17,11.56
-14.59,10.51,-11.38,10.75
-14.23,8.95,-11.99,9.98
-14.65,8.24,-12.46,9.31
-15.29,7.51,-12.7,8.83
-15.7,6.78,-12.89,8.53
-16.01,6.05,-14.07,8.28
-16.29,5.92,-17.25,7.4
-17.96,5.56,-21.03,6.22
-23.85,3.73,-22.24,5.87
-27.16,2.85,-19.65,6.24
-26.82,3.08,-15.79,6.5
-22.64,3.71,-15.22,5.96
-17.27,3.35,-18.7,5.13
-20,1.94,-21.34,4.65
-24.59,1.38,-20.34,4.67
-26.52,1.43,-16.53,5.12
-22.37,1.97,-13.63,5.49
-17.42,2.47,-16.25,5.19
-16.16,2.36,-20.02,5.05
-20.67,1.66,-21.13,5.47
-25.89,2.24,-18.4,6.26
-24.74,3.17,-14.51,6.99
-20.48,4.06,-12,7.2
-16.09,4.81,-14,6.52
-15.58,4.13,-16.44,6.23
-19.52,3.25,-17.23,6.42
-21.63,3.36,-15.46,6.88
-21.73,3.71,-12.69,7.38
-17.82,4.6,-10.44,7.58
-14.57,5.17,-11.2,7.09
-13.1,5.1,-12.96,6.93
-15.17,4.22,-13.73,6.88
-17.73,4.28,-13.1,7.13
-17.78,4.35,-11.45,7.6
-16.37,4.8,-10.26,7.9
-14.36,5.36,-11.1,7.56
-13.38,5.55,-12.91,7.15
-15.49,4.83,-14.15,7.01
-17.49,4.43,-14.27,7.21
-18.5,4.43,-12.8,7.65
-17.53,5.14,-11.21,8.12
-15.35,5.75,-10.94,8.13
-13.76,6.32,-12.53,7.75
-13.85,6.36,-13.89,7.61
-16.99,5.57,-14.32,7.77
-17.98,5.66,-13.4,8.03
-17.91,6,-11.3,8.33
-16.34,6.4,-8.81,8.82
-12.54,7,-7.4,8.66
-9.91,7.57,-8.24,8.06
-9.23,7.19,-9.5,7.73
-10.97,6.29,-9.96,7.68
-12.43,6.03,-9,7.83
-12.29,6.2,-7.26,8.05
-10.53,6.5,-5.71,8.06
-8.49,6.76,-6.04,7.42
-6.91,6.73,-8.06,6.75
-8.74,5.5,-9.7,6.54
-11.33,4.91,-9.56,6.69
-12.58,4.98,-7.58,6.87
-10.66,5.56,-5.23,7.08
-7.9,5.75,-3.94,7.03
-5.4,6.03,-5.12,6.77
-4.77,5.96,-7.43,6.68
-7.05,5.52,-8.53,6.94
-10.6,5.66,-7.19,7.18
-10.33,6.15,-5.03,7.3
-7.9,6.44,-3.39,7.32
-5.43,6.52,-3.62,7.16
-3.99,6.56,-5.31,7.04
-5.74,6.21,-6.44,7.1
-7.8,6.19,-5.73,7.31
-8.59,6.33,-3.94,7.43
-6.15,6.7,-3.77,7.14
-4.47,6.65,-6.28,6.46
-5.51,6.1,-9.82,5.9
-9.18,5.28,-12.25,5.53
-13.11,4.79,-12.02,5.51
-15.44,4.61,-9.85,5.57
-13.72,4.8,-7.79,5.72
-10.91,4.9,-7.15,5.64
-8.23,5.1,-8.84,5.35
-8.94,4.81,-10.5,5.32
-11.48,4.46,-10.62,5.53
-13.06,4.56,-8.98,5.69
-11.77,5,-7.09,5.78
-9.45,5.1,-5.77,5.85
-7.47,5.17,-6.2,5.64
-6.49,5.21,-7.44,5.61
-8.35,4.77,-7.62,5.72
-9.54,4.89,-6.38,5.85
-9.11,5.1,-4.58,5.96
-7.29,5.26,-2.54,6.13
-4.21,5.47,-2.09,5.93
-2.4,5.6,-3.96,5.73
-3.14,5.27,-5.98,5.81
-5.95,5.08,-6.39,6.05
-8.38,5.42,-4.74,6.3
-7.38,5.74,-2.77,6.45
-4.89,5.97,-1.19,6.57
-2.86,6.07,-0.62,6.47
-1.43,6.2,-1.35,6.32
-1.61,5.93,-2,6.42
-2.88,5.87,-1.28,6.66
-3.21,6.06,0.62,6.87
-1.81,6.33,3.26,7.18
1.83,6.6,6.76,7.59
5.3,7.03,8.76,7.68
8.95,7.4,7.61,7.66
9.98,7.45,5.6,7.89
6.5,7.52,5.26,8.41
4.87,7.92,6.55,9.01
5.64,8.56,7.45,9.47
7.5,9.19,5.6,9.96
8.07,9.7,1.25,10.53
3,10.71,-1.65,10.58
-2.06,11.26,-0.37,10.64
-3.75,11.17,3.28,10.75
-0.8,11.22,5.96,10.91
5.37,11.38,6.15,11.36
6.89,11.73,5.03,11.6
5.96,12.27,4.43,12.46
4.42,12.59,4.73,14.26
4.04,14.55,5.48,16.32
4.65,16.77,6.53,17.94
5.6,18.83,6.42,18.63
6.87,20.34,4.2,18.54
5.08,21.04,1.95,17.74
1.24,20.66,2.44,17.05
-1.03,19.69,5.34,16.97
2.28,18.84,7.74,17.4
6.41,18.99,7.31,17.74
8.28,19.68,4.4,17.6
5.94,19.97,2.76,18.04
1.85,19.88,4.33,18.8
0.8,20.88,7.24,19.37
4.38,21.55,9.53,19.71
8.08,21.79,10.17,20.01
11.07,22.09,8.47,19.78
9.93,22.35,6.71,19.7
7.03,22.17,6.29,20.27
5.14,22.33,7.07,20.95
5.48,23.5,7.44,21.43
6.89,24.18,5.45,21.47
6.55,24.71,1.27,20.83
2.43,24.77,-0.84,20.13
-5.15,23.65,0.98,20.08
-4.79,23.2,3.59,20.28
-0.56,23.33,4.33,20.09
3,23.43,2.47,19.55
3.39,23.26,0.27,18.9
-1.33,22.38,-0.05,18.91
-3.4,21.92,1.42,19.35
-2.81,22.17,3.37,19.81
-0.35,22.68,4.8,20.09
2.33,23.1,3.74,19.82
4.07,23.32,0.8,19.14
1.2,22.87,-0.88,18.82
-2.9,22.17,-0.17,19.03
-4.48,22,2.14,19.44
-1.98,22.4,3.98,19.74
1.33,22.75,3.98,19.58
3.31,22.89,1.88,18.98
2.73,22.68,-0.21,18.51
-2.27,21.71,-0.88,18.47
-4.15,21.44,0.17,18.69
-4.01,21.56,1.96,18.96
-1.96,21.84,3.02,18.82
1.37,21.99,2.2,18.31
1.87,21.57,0.19,17.54
0,20.95,-1.58,16.87
-2.79,20.13,-2.47,16.4
-4.73,19.47,-2.18,16.06
-5.36,18.84,-0.68,15.73
-4.02,18.53,0.5,15.25
-1.74,18.11,-0.2,14.42
-0.07,17.14,-2.74,13.46
-2.03,16.25,-5.41,12.63
-5.59,15.19,-5.81,12.39
-8.2,14.44,-3.61,12.33
-7.79,14.39,-1.05,12.3
-3.04,14.43,-0.7,11.95
-0.82,14.25,-2.6,11.76
-1.44,13.85,-4.15,11.52
-5.44,13.5,-1.9,11.08
-5.71,13.22,3.62,10.64
-1.43,12.88,9.48,10.37
5.43,12.2,13.87,10.39
11.81,11.83,13.27,10.23
16.16,11.92,8.12,11.1
12.11,12.15,1.77,11.9
5.45,13.28,-0.45,11.17
-2.88,13.48,3.23,11.52
-1.58,12.65,9.55,12.35
5.23,13.49,15.43,12.37
12.76,13.99,18.69,11.92
18.45,13.49,18.28,11.7
20,13.05,15.99,10.95
17.34,13.33,14.45,9.76
14.52,12.29,14.82,9.52
13.45,11,16.26,9.48
15.24,11.02,17,9.09
16.79,10.91,16.21,8.31
16.86,10.38,15.17,7.55
15.49,9.51,15.97,7.56
14.5,8.58,18.64,8.36
16.85,9.01,20,8.04
20.13,9.64,16.24,7.11
20.64,9.26,11.29,5.62
12.57,7.9,8.92,4.94
7.66,6.42,9.95,5.78
6.86,6.26,12.91,6.46
9.53,7.45,15.19,5.94
13.23,7.94,14.72,6.02
15.67,7.7,12.16,5.68
12.76,8.25,10.48,4.92
9.57,7.85,11.2,5.2
8.42,6.86,14.14,6.13
10.76,7.64,17.92,6.31
14.74,8.3,20.56,6
18.92,7.87,18.96,5.92
21.24,7.55,15.61,6.41
16.15,8.18,14.08,5.89
12.81,8.51,16.27,6.39
12.39,7.68,19.59,7.32
15.74,8.14,21.99,7.02
21.12,8.98,21.3,7
22.36,8.45,19.17,6.73
20.25,8.84,18.01,6.43
16.85,8.5,19.25,7.06
16.98,8.51,21.55,7.87
19.3,9.26,23.66,7.79
22.02,9.76,24.36,7.42
24.62,9.29,21.99,7.35
23.3,9.36,19.57,6.84
19.87,9.69,20.49,7.05
17.76,9.11,23.7,7.68
21.68,9.46,26.83,7.68
25.54,9.46,28.62,7.64
28.52,9.01,26.63,7.84
29.5,9.11,23.55,7.24
24.36,10.01,22.16,6.85
21.24,9.25,23.87,7.67
21.19,9.02,26.74,8.3
24.38,9.83,29.26,7.95
27.74,9.91,30.96,7.61
31.21,8.59,29.9,7.99
31.72,8.72,27.68,7.71
29.24,9.8,27.13,7.32
26.62,9.6,29.36,8.28
27.7,9.36,31.56,8.89
31.08,10.28,32.9,8.15
33.08,10.02,31.94,7.75
33.63,9.27,28.97,7.72
31.58,9.59,26.1,6.86
27.71,10.15,26.71,6.99
24.58,9.06,29.18,8.01
26.96,9.51,30.97,8.06
30.16,10.09,31.91,7.85
32.39,9.38,30.33,7.96
31.99,9.46,28.4,7.48
29.23,10.04,27.75,7.45
27.21,9.72,29.19,8.2
27.04,9.72,31.34,8.75
30.6,10.27,33.82,8.72
33.07,9.94,36.17,8.81
35.8,9.34,36,9.07
38.16,9.57,33.63,8.96
35.97,10.4,33.03,8.69
33.13,10.5,35.54,9.71
33.39,10.33,38.4,9.95
38.73,11.32,41.05,9.88
41.44,10.71,42.45,9.9
43.85,10.39,40.92,10.05
44.42,10.55,37.87,9.25
41.91,11.12,36.49,8.69
36.98,10.59,38.57,9.72
37.35,10.63,41.35,10.24
40.82,11.45,43.27,10.05
44.88,11.01,44.57,10.21
46.39,10.82,43.93,10.46
46.99,11.29,41.72,9.87
45.6,11.97,40.66,9.48
41.83,11.69,42.14,10.34
42.05,11.76,44.41,10.98
44.7,12.47,46.21,10.8
48.25,12.34,47.18,10.78
49.58,12.07,46.08,10.79
49.7,12.38,43.53,10.99
47.59,12.88,42.91,10.85
44,13.18,45.58,11.73
45.45,13.13,48.59,11.91
49.5,13.56,50.35,12
52.47,13.33,50.5,12.06
53.79,13.27,48.73,12.04
52.55,13.69,46.67,11.3
49.85,14.02,46.95,11.51
47.81,13.71,48.69,12.25
49.97,14.25,50.52,12.3
52.34,14.22,51.64,12.27
54.01,13.81,50.62,12.17
54.52,13.87,47.43,11.67
50.87,14.8,45.33,10.98
47.23,14.49,46.38,11.91
46.07,14.24,49.04,12.64
48.51,14.87,51.31,12.51
53.22,14.39,52.25,12.6
54.82,13.94,51.29,12.74
54.9,14.18,49.12,12.93
53.09,14.75,48.45,12.61
49.79,15.28,50.52,13.29
50.55,15.13,53.19,14.12
53.9,15.64,54.85,14.48
56.91,15.86,56.15,14.98
59.11,15.44,57.27,15.15
60.5,15.23,58.1,15.33
61.55,15.3,59.2,15.65
62.85,15.64,61.04,16.12
64.57,15.81,62.13,16.12
66.49,15.87,63.97,16.35
67.48,15.5,65.11,16.17
70.48,14.97,63.61,15.71
70.59,15.24,59.73,15.21
67.55,16.31,56.67,15.13
62.82,16.91,57.2,15.33
60.19,16.38,60.2,15.07
63.13,15.43,61.45,14.65
66.58,14.47,58.36,14.41
67.4,14.29,52.21,12.78
59.79,16,47.86,11.27
52.2,15.05,48.84,12.3
49.27,13.97,51.82,13.68
52.16,14.79,54.32,13.58
57.94,14.7,55,13.56
59.71,13.51,53.15,13.99
59.67,13.2,50.34,12.61
55.28,13.37,48.79,12.07
52.14,12.63,49.45,12.64
51.65,12.49,51.3,13.67
53.61,12.81,52.34,13.89
56.74,12.94,51.02,13.7
56.66,12.68,47.92,12.76
53.92,13.07,44.78,12.02
50.05,13.18,42.03,11.67
45.1,12.98,40.03,11.73
42.63,12.77,38.66,12.04
41.16,12.72,36.86,12.07
40.02,12.75,34,11.53
38.05,12.58,29.95,10.62
32.71,12.02,25.83,9.78
27.83,11.4,23.81,9.69
23.97,10.86,23.14,9.9
22.54,11.12,21.01,9.6
21.68,11.38,17.9,9.1
18.55,11.22,15.77,8.85
15.01,10.9,16.46,9.41
13.19,10.71,20.69,9.91
17.12,11.45,24.83,9.5
23.09,11.3,21.83,8.82
26.41,10.79,13.59,8.66
16.27,11.19,6.94,7.53
6.72,10.61,5.73,7.63
1.94,9.52,8.03,8.31
2.99,10.11,10.76,8.06
8.13,10.91,10.14,7.5
9.38,10.23,5.76,7.16
5.92,9.8,1.65,6.18
0.26,9.4,1.06,6.1
-3.43,8.33,4.07,7.02
-1.19,9.06,7.45,7.21
3.39,9.96,7.96,6.94
6.6,9.8,3.37,6.14
4.73,9.41,-1.13,4.97
-1.62,8.53,-2.25,4.81
-7.03,7.08,0.14,5.71
-5.84,7.71,3.82,6.31
-1.76,8.89,6.23,6.25
2.55,9.22,3.33,5.84
4.5,9.06,-2.12,4.81
-3.21,8.1,-4.85,3.89
-8.6,6.88,-4.16,4.16
-9.81,6.28,-0.99,4.96
-8,6.88,2.83,5.43
-1.92,8.11,4.43,5.21
2.08,8.35,0.76,4.7
2.05,7.97,-3.11,3.86
-5.84,6.9,-4.13,3.53
-8.31,6.11,-2.89,4.09
-7.96,6.21,-0.29,4.7
-5.75,7.04,2.09,4.79
-2.52,7.65,0.97,4.16
0.1,7.51,-4.02,2.9
-4.24,6.51,-7.17,1.65
-9.96,5.04,-7.89,1.41
-12.58,3.88,-6.62,2
-12.1,4.18,-4.19,2.6
-9.83,4.97,-2.14,2.86
-6.84,5.56,-3.56,2.28
-4.77,5.76,-7.26,1.26
-9.39,4.43,-9.06,0.43
-13.24,3.31,-9.03,0.42
-14.06,2.71,-7.38,1.15
-13.31,2.99,-4.99,1.79
-9.99,4.27,-2.42,2.51
-7.05,4.99,-2.2,2.17
-4.63,5.64,-5.74,1.41
-6.32,4.96,-8.14,0.43
-10.95,3.77,-8.42,0.21
-13.1,2.85,-7.67,0.94
-12.37,3.19,-6.56,1.72
-11.12,4.26,-5.6,2.39
-9.9,5.05,-5.48,2.68
-8.65,5.92,-7.03,2.12
-9.48,5.73,-9.05,1.29
-11.71,4.8,-10.39,0.87
-13.79,3.95,-11.21,0.58
-15.32,3.5,-12.23,-0.09
-16.06,3.08,-13.32,-1.06
-17.2,2.23,-12.92,-1.57
-18.28,1.21,-10.03,-1.09
-16.08,1.34,-6.5,-1.04
-11.8,2.3,-5.63,-2.04
-8.21,2.16,-8.54,-2.29
-8.7,1.04,-11.23,-2.28
-14.69,0.82,-12.43,-2.74
-16.74,0.5,-12.48,-2.87
-17.26,-0.01,-11.79,-2.68
-16.86,-0.08,-10.63,-2.63
-15.36,0.19,-9.56,-2.91
-13.99,0.16,-9.9,-3.63
-13.08,-0.14,-12.07,-4.53
-14.1,-0.96,-13.94,-5.36
-16.85,-1.97,-15.08,-6.4
-19.6,-2.85,-15.53,-7.4
-20.19,-3.96,-15.86,-7.58
-20.54,-4.7,-15.83,-7.15
-20.86,-4.7,-14.07,-5.71
-20.18,-3.71,-10.03,-4.21
-17.04,-2.06,-5.92,-4.51
-12,-0.84,-5.01,-5.82
-7.78,-1.55,-8.55,-6.3
-9.69,-4.11,-13.12,-4.98
-14.86,-3.63,-15.5,-5.24
-19.06,-1.91,-15.91,-6.53
-20.68,-2.57,-15.62,-6.76
-20.35,-4.52,-15.16,-6.27
-19.86,-4.15,-13.93,-6.29
-19.23,-3.57,-12.08,-7.05
-17.59,-3.72,-12.26,-8.55
-15.47,-4.55,-15.77,-9.99
-17.48,-6.89,-20.21,-10.43
-22.78,-8.04,-22.6,-10.74
-26.97,-7.84,-23.37,-11.3
-28.68,-8.01,-23.07,-10.82
-28.68,-8.79,-22.36,-9.99
-27.77,-8.36,-21.83,-9.76
-26.77,-7.92,-21.71,-10.2
-26.21,-8.22,-22.49,-10.7
-26.49,-9.15,-24.76,-10.89
-28.17,-9.48,-26.02,-11.21
-30.74,-9.37,-25.32,-10.88
-31.79,-9.45,-23.8,-9.77
-29.47,-8.77,-23.49,-9.29
-27.88,-7.78,-24.55,-10.02
-28.16,-7.66,-25.57,-10.69
-30.35,-9.16,-25.41,-10.45
-31.05,-9.59,-23.31,-9.68
-30.19,-9.13,-19.94,-8.94
-27.47,-8.24,-18.3,-8.47
-22.01,-6.95,-21.2,-8.95
-21.84,-6.67,-24.75,-9.83
-26.78,-7.35,-26.12,-10.41
-30.79,-7.94,-26.59,-10.11
-31.76,-8.35,-26.2,-9.59
-31.65,-8.01,-24.9,-9.42
-30.76,-7.63,-23.43,-9.46
-29.09,-7.61,-23.73,-9.97
-27.37,-7.9,-26.5,-11.18
-29.22,-8.82,-29.78,-11.81
-33.18,-9.8,-31.52,-12.15
-36.49,-9.8,-31.66,-12.23
-37.72,-9.77,-30.21,-11.39
-36.58,-9.71,-29.14,-10.64
-34.43,-8.66,-30.41,-11.36
-33.91,-8.12,-32.88,-12.76
-36.06,-8.91,-34.31,-13.25
-40.22,-10.28,-34.57,-12.78
-40.84,-10.04,-34.24,-11.86
-40.76,-9.41,-32.56,-10.58
-40.02,-8.62,-29.88,-9.14
-36.59,-6.57,-26.65,-7.88
-33.18,-5.01,-25.16,-7.87
-29.82,-4.17,-27.22,-9
-28.61,-4.77,-31.03,-9.61
-33.85,-6.73,-33.19,-9.84
-37.81,-6.61,-33.64,-10.21
-39.24,-6.53,-32.76,-9.86
-38.78,-7.07,-30.51,-9.19
-36.84,-6.69,-27.18,-8.62
-34.03,-5.91,-22.71,-7.89
-30.13,-5.26,-19.75,-7.75
-25.21,-4.56,-22.3,-8.81
-22.78,-5.05,-28.48,-9.93
-28.42,-6.62,-32.24,-11.6
-35.2,-7.42,-33.16,-13.45
-38.27,-8.45,-32.91,-14.11
-38.51,-10.77,-32.04,-13.56
-37.61,-11.21,-30.22,-12.92
-36.15,-10.94,-27.61,-12.91
-33.85,-10.62,-26.13,-13.72
-29.82,-11.07,-28.13,-14.98
-29.31,-12.35,-31.07,-16.42
-32.53,-13.57,-31.7,-17.37
-37.17,-14.58,-31.12,-16.82
-36.81,-14.91,-29.45,-15.02
-35.3,-14.27,-26.92,-13.73
-32.84,-12.77,-24.38,-13.83
-28.32,-11.72,-24.01,-14.72
-26.14,-12.79,-26.02,-15.71
-26.64,-14.21,-28.44,-15.97
-30.98,-14.85,-30.69,-15.77
-33.62,-14.18,-31.01,-16.44
-35.54,-13.88,-29.62,-16.95
-35.19,-14.77,-27.63,-16.42
-32.01,-15.55,-25.65,-15.71
-29.57,-14.92,-23.44,-15.51
-27.23,-14.69,-21.57,-15.62
-24.75,-15.05,-21.79,-15.67
-22.6,-15.66,-26.67,-16.12
-25.77,-15.73,-31.21,-17.73
-32.52,-15.41,-32.37,-18.86
-37.48,-16.04,-30.75,-17.6
-37.34,-16.87,-27.44,-14.63
-33.53,-15.16,-24.3,-13.36
-29.12,-12.55,-24.73,-15
-25.59,-12.92,-29.07,-17.41
-29.08,-15.87,-32.78,-18.16
-35.12,-17.36,-34.35,-18.17
-38.95,-16.35,-33.45,-18.57
-39.37,-16.26,-32.43,-18.68
-37.36,-17.17,-32.91,-19.41
-36.51,-17.4,-34.17,-21.01
-37.85,-17.89,-34.63,-21.67
-40.59,-19.37,-33.04,-20.34
-40.12,-19.38,-29.69,-18.58
-36.94,-18.22,-27.8,-18
-32.58,-16.82,-30.54,-18.53
-31.44,-16.61,-33.08,-19.83
-36.19,-17.15,-33.6,-20.35
-38.98,-17.76,-32.89,-19.55
-38.57,-18.02,-31.04,-17.97
-36.59,-17.27,-28.01,-16.75
-33.67,-16.24,-26.76,-16.51
-29.98,-15.56,-29.88,-17.86
-30.34,-16.47,-33.4,-19
-36.1,-17.36,-34.29,-19.39
-40.11,-17.21,-32.71,-18.8
-39.48,-17.16,-29.78,-17.99
-36.25,-16.73,-27.19,-17.39
-32.57,-16.37,-28.11,-17.56
-29.95,-15.96,-31.77,-18.24
-33.94,-16.24,-33.63,-18.72
-38.29,-16.37,-33.69,-18.42
-39.32,-16.42,-32.04,-16.99
-38.47,-16.2,-29.03,-15.67
-34.21,-14.61,-25.36,-14.92
-30.38,-13.86,-23.96,-14.59
-26.52,-13.42,-27.83,-15.43
-26.58,-13.32,-31.47,-16.69
-34.94,-14.04,-32.17,-17.07
-37.84,-14.47,-29.63,-15.35
-37.09,-14.51,-25,-12.74
-32.65,-13.08,-19.87,-10.92
-24.36,-9.97,-17.09,-10.08
-19.37,-8.6,-19.76,-10.29
-18.39,-8.1,-24.01,-10.06
-22.78,-8.42,-25.44,-10.02
-28.49,-8,-22.73,-8.81
-27.88,-7.91,-16.71,-6.59
-22.99,-6.53,-9.69,-4.58
-15.63,-4.23,-3.23,-3.72
-7.96,-2.52,-2.62,-4.18
-1.01,-2.51,-8.41,-4.87
-5.04,-3.56,-14.64,-4.79
-12.89,-3.94,-17.8,-4.89
-19.42,-3.1,-16.41,-5.12
-21.53,-2.93,-12.68,-4.41
-16.84,-3.1,-10.63,-3.97
-12.56,-2.15,-14.6,-5.32
-12.05,-2.35,-19.21,-8.09
-20.31,-5.51,-21.15,-10.18
-24.51,-7.99,-19.2,-9.32
-24.93,-9.05,-15.16,-7.77
-21.06,-7.47,-12.64,-8.04
-14.47,-6.03,-15.6,-9.46
-14.32,-7.62,-21.06,-10.51
-19.99,-9.54,-24.24,-10.93
-26.3,-9.65,-24.44,-11.65
-28.89,-9.37,-22.71,-11.57
-27.16,-10.47,-21.95,-11.35
-24.73,-10.25,-23.13,-11.87
-24.43,-10.48,-24.51,-12.8
-26.17,-11.24,-24.53,-13.29
-28.14,-12.55,-22.32,-12.75
-27.2,-12.66,-18.83,-12.09
-23.99,-11.9,-16.74,-11.89
-19.98,-11.33,-20.54,-12.6
-19.42,-11.49,-25.05,-13.58
-26.18,-11.88,-26.58,-14.49
-31.05,-12.23,-25.68,-13.83
-31.51,-12.75,-23.53,-11.98
-29.04,-11.51,-20.37,-10.98
-26.1,-10.06,-16.83,-11.14
-22.29,-9.62,-16.66,-11.6
-18.59,-10.07,-19.76,-12.25
-20.67,-11.7,-22.64,-12.21
-24.85,-11.9,-23.95,-12.14
-27.71,-11.25,-22.94,-12.09
-28.5,-11.12,-19.64,-11.21
-25.79,-11,-15.57,-10.16
-21.5,-10.11,-12.97,-9.87
-17.07,-9.22,-14.95,-10.63
-15.28,-9.36,-20.85,-11.1
-20.77,-10.44,-24.47,-12.15
-27.3,-10.57,-25.6,-13.07
-30.6,-11.14,-24.57,-12.22
-30.77,-11.98,-22.1,-9.7
-28.33,-10.64,-18.58,-7.29
-24.95,-8.16,-15.85,-6.64
-21.05,-5.88,-17.73,-7.81
-18.41,-5.8,-20.63,-9.12
-22.89,-7.55,-21.45,-9.62
-26.06,-8.41,-19.79,-8.72
-26.25,-8.5,-16.12,-6.51
-21.85,-6.69,-11.04,-4.82
-17.18,-4.49,-6.5,-4.17
-11.47,-3.16,-6.16,-4.1
-6.85,-2.58,-10.28,-4.06
-9.94,-2.61,-13.53,-3.64
-15.4,-2.45,-12.54,-2.65
-18.12,-1.73,-8.03,-0.69
-13.34,0.42,-3.63,0.86
-7.63,2.52,-2.54,1.53
-3.6,3.77,-6.17,1.82
-4.58,4.08,-9.66,1.2
-9.56,4.08,-10.17,0.61
-13.81,2.82,-7.36,2.09
-12.18,2.89,-3.94,4.08
-8.27,5.07,-1.68,4.73
-4.51,7.19,-3.06,4.39
-2.44,7.58,-6.95,3.76
-6.59,6.91,-9.37,2.83
-11.23,5.9,-8.69,2.63
-12.8,4.96,-5.68,3.07
-9.47,5.34,-3.04,3.18
-5.71,5.81,-3.27,3.11
-3.3,5.89,-6.47,3.16
-4.81,6.01,-8.51,2.77
-10.35,5.79,-7.26,2.91
-10.86,5.27,-3.96,3.93
-8.06,5.79,-0.6,4.57
-4.05,7.02,2.54,5.03
-0.55,7.52,3.85,5.42
3.8,8.1,1.48,5.38
3.23,8.5,-2.07,5.19
-0.8,8.34,-4.03,5.04
-4.91,8.1,-2.42,5.33
-5.69,7.99,0.97,6.17
-2.08,8.71,3.53,6.63
1.76,9.56,3.58,6.48
3.66,9.73,0.36,6.33
2.38,9.48,-2.91,5.62
-3.9,8.88,-4.04,5.12
-6.58,8.03,-2.05,5.68
-6.38,7.83,1.22,6.17
-3.19,8.69,4.13,6.48
2.16,9.15,6.17,6.67
5.16,9.45,5.61,6.84
6.44,9.82,3.61,6.83
4.5,10.09,2.8,6.59
1.85,10.11,4.88,6.99
2.07,9.8,8.38,7.98
5.78,10.63,12.01,8.37
9.88,11.54,13.19,8.05
13.58,11.58,9.71,7.64
12.4,11.17,5.81,7.15
7.05,11.13,3.99,6.62
2.84,10.75,5.6,7.13
1.76,10.19,8.59,8.18
6.17,11.33,10.45,8.79
9.4,12.18,10.63,8.83
10.94,12.4,8.98,8.64
9.89,12.33,7.23,8.31
7.17,12.13,7.15,8.45
5.52,11.89,9.64,9.38
6.37,12.28,12.71,10.14
11.63,13.65,15.63,10.56
14.97,13.82,17.54,10.94
17.93,13.89,16.05,11.04
18.89,14.25,12.67,10.5
16.04,14.59,10.02,9.96
9.89,14,10.87,10.17
8.2,13.75,14.81,11.1
10.71,14.26,18.51,11.51
15.82,15.08,21.47,11.62
21.5,14.81,23.77,11.89
24.39,14.52,23.58,12.06
26.41,14.72,20.33,12.07
23.3,15.58,17.19,11.59
18.43,15.99,18.01,11.66
16.01,15.51,22.16,12.76
18.78,15.63,26.43,13.74
24.29,16.74,29.5,13.89
30.6,17.73,29.74,13.15
32.33,17.73,26.72,12.53
30.74,17.52,22.5,12.3
24.04,17.34,20.02,11.25
20.32,16.58,20.39,11.39
19.02,15.2,22.74,12.5
21.01,15.31,24.73,12.81
24.55,15.88,24.68,11.96
27.33,14.73,22.33,11.26
25.83,14.07,19.3,10.89
22.17,14.38,17.23,10.53
18.28,14.92,17.44,10.38
15.85,14.74,20.81,11.21
17.97,14.74,24.7,11.75
22.64,15.29,27.89,11.61
27.06,15.08,28.12,11
30.49,14.05,23.89,10.47
27.78,13.87,19.16,9.66
21.73,14.24,16.35,8.46
16.37,13.84,17.86,8.39
14.01,12.2,22.77,10.2
18.32,13.01,27.64,11.43
24.62,14.67,31.07,11.37
29.87,14.7,30.6,11.09
32.95,13.24,26.38,11.17
29.86,13.36,22.06,10.16
24.19,13.88,19.79,9.27
18.09,12.43,22.36,9.71
18.26,12.08,27.65,11.39
23.37,13.09,32.34,12.52
29.78,14.43,33.87,12.19
34.56,14.53,30.87,11.82
33.89,13.67,25.43,10.84
27.91,14.11,21.27,9.46
21.55,13.32,21.73,9.33
17.69,11.99,26.5,10.79
21.83,12.55,31.57,12.46
28.41,14.19,33.91,12.47
33.54,14.94,31.56,11.68
34.71,14.16,26.04,11
27.42,13.82,21.55,9.75
20.91,13.41,21,9.33
17.26,12.13,24.85,10.56
18.09,11.91,29.33,11.86
26.35,13.87,32.11,11.74
30.69,14.09,31.7,11.21
32.46,13.09,28.33,11.4
30.53,12.73,24.93,10.89
24.1,13.57,23.25,10.37
20.94,12.73,25.84,11.02
20.43,12.35,30.95,12.32
24.44,13.16,35.97,12.69
33.51,14.16,38,11.95
38.05,13.29,35.26,11.35
38.41,12.42,28.93,11.32
33.25,12.73,22.87,10.55
22.31,13.75,20.5,9.67
16.86,12.65,23.85,10.5
16.74,11.95,29.58,11.9
22.36,12.95,34.66,12.12
32.16,13.76,35.1,11.23
35.96,12.72,30.18,10.86
34.01,11.97,23.4,11.23
27.06,12.56,17.52,10.51
16,13.52,16.78,10.25
11.55,12.54,21.71,11.16
13.69,12.58,28.86,11.63
20.88,13.37,34.64,11.15
32.63,12.39,34.46,10.29
36.47,11.16,28.47,10.39
33.21,10.92,21.22,11.31
25.08,11.97,15.95,11.25
14.09,13.69,18.53,11.48
12.54,13.13,25.82,12.08
19.26,13.21,33.23,11.73
28.54,12.96,36.27,10.57
38.02,11.03,33.15,10.25
37.19,10.46,27.12,11.29
30.82,11.69,21.1,11.04
23.63,13.48,21.15,10.64
18.03,13.11,27.31,11.77
20.19,12.45,34.1,12.74
32.48,13.67,35.99,11.86
38.41,13.27,31.1,11.49
37.18,12.2,24.3,10.76
29.71,12.92,20.89,10.03
19.41,12.24,24.31,10.99
19.39,11.82,29.65,12.72
25.56,13.11,32.23,12.97
31.52,14.47,29.78,12.68
32.02,14.5,24.85,12.05
26.15,15.13,21.34,11.31
20.51,14.6,21.22,11.74
17.82,13.97,22.86,12.69
19.87,14.9,24.47,12.74
22.5,15.12,23.6,12.03
23.6,14.31,19.08,11.68
20.6,13.83,14.53,11.3
14.54,14.11,14.17,11.28
9.13,13.84,16.91,11.52
11.65,13.88,19.48,11.51
15.64,13.78,18.89,11.36
18.01,13.48,14.82,11.2
14.24,13.69,11.59,10.4
9.1,13.54,10.04,9.96
6.21,12.65,10.43,10.11
5.29,12.37,12.27,10.68
7.29,12.92,14.21,10.89
9.92,13.38,13.52,9.95
11.65,13.07,9.49,9.37
9.98,12.09,5.7,8.8
2.32,11.65,3.85,8.03
-0.87,10.94,3.16,7.78
-2,10.21,3.56,7.78
-2.29,10.11,5.02,8.07
-0.83,10.24,7.58,8.26
1.37,10.55,11.1,8.13
4.69,10.48,13.49,7.31
10.48,9.6,11.03,6.55
10.56,8.74,6.09,6.7
5.79,8.44,2.67,5.95
0.01,8.83,1.07,4.7
-4.02,7.23,1.07,4.2
-4.48,6.1,2.66,4.63
-3.59,6.05,6.07,5.03
-1.12,6.79,10.56,4.66
2.95,7.07,14.69,3.57
10.56,5.92,15.8,2.72
13.78,5.09,11.85,2.88
12.92,4.8,5.39,3.75
6.73,5.69,-0.18,2.51
-1,6.88,-2.02,1.24
-7.71,4.2,-0.29,2.23
-7.29,3.73,3.63,3.91
-4.19,5.5,8.3,4.21
3.09,7.56,12.65,2.89
8.37,6.51,14.75,1.57
12.3,4.85,13.2,1.13
13.14,3.91,8.39,2.29
9.81,4.25,3.04,3.38
3.91,5.93,-0.84,2.27
-4.51,6.85,0.17,1.89
-6.46,5,5.76,3.86
-3.31,5.29,13.8,5.44
3.83,7.82,21.66,4.53
17.44,8.63,25.18,1.99
24.53,5.85,21.38,0.99
25.3,3.31,13.32,3.09
18.7,3.91,4.19,4.47
8.8,7.21,-0.58,3.22
-0.69,9.24,3,3.34
-3.99,6.61,10.47,4.77
3.86,7.72,16.93,4.4
12.77,9.03,18.05,2.62
18.95,7.93,12.68,3
15.98,5.88,6.45,3.11
7.93,7.63,4.43,2.7
1.86,7.54,8.87,4.17
1.53,7.03,14.81,6.49
11.54,9.98,17.03,7.05
17.06,11.76,12.41,6.48
16.3,11.5,6.86,5.82
9.06,10.8,4.1,5.77
1.35,10.14,5.3,6.95
0.88,10.76,8.95,8.8
4.33,12.44,13.1,10.06
9.28,14.03,16.41,10
14.29,14.33,15.19,9.71
17.58,13.34,10.22,10.27
12.91,13.68,5.95,10.27
6.76,14.75,5.62,10.49
2.69,14.67,9.45,11.69
5.6,15.41,14.47,11.89
11.95,16.21,15.61,10.31
17.3,15.11,8.94,9.34
15.96,13.26,1,10.08
6.52,13.03,-3.3,9.67
-5.36,14.09,-2.65,9.98
-7.44,13.51,1.39,10.81
-4.63,14.17,6.29,10.78
0.99,15.11,9.09,9.48
9.11,13.93,5.2,8.87
9.21,12.4,-1.16,8.51
2.11,12.53,-4.6,7.6
-5.12,12.78,-3.41,8.23
-7.43,11.62,1.55,9.99
-3.1,13.41,6.66,10.22
3.37,15.11,9.71,8.5
9.16,14.34,7.38,7.22
10.52,11.36,1.77,8.18
4.17,11.55,-2.26,8.44
-2.47,13.37,-3.17,8.1
-5.68,13.18,0.04,9.14
-5.66,12.65,5.7,10.1
2.05,14.64,11.53,9.89
9,14.89,13.23,8.14
14.95,13.4,8.22,7.73
12.68,11.01,1.61,8.56
4.05,12.26,-1.92,7.52
-2.49,12.82,-1.04,7.66
-4.28,11.32,3.59,9.4
-1.32,12.06,8.62,10.09
4.73,14.1,10.8,8.5
12.49,13.42,6.55,7.17
11.66,10.98,0.21,8.17
4.45,10.56,-3.12,7.3
-4.59,11.48,-1.88,7.85
-5.43,10.48,2.51,9.68
-1.72,11.96,6.77,10.32
4.04,13.94,8.46,9.09
8.52,13.73,4.49,8.17
7.45,11.25,-0.84,9.13
0.62,11.43,-3.68,8.64
-4.52,12.26,-2.85,9.12
-6.04,11.48,0.61,10.75
-4.07,12.24,4.22,11.29
2.72,14.69,4.34,10.05
6.03,14.12,-2.86,8.94
3.27,12.42,-9.35,7.5
-6.46,11.33,-12.22,6.68
-13.16,9.88,-11.24,7.43
-14.67,9.6,-8.29,8.1
-12.08,10.87,-5.94,7
-8.41,11.28,-6.53,5.17
-5.89,8.83,-11.54,4.45
-9.67,7.15,-15.83,3.32
-16.19,6.57,-16.86,2.42
-19.75,5.31,-13.63,3.31
-19.55,4.56,-9.17,4.22
-12.51,6.48,-6.73,3.75
-7.66,7.04,-11.19,3.64
-7.26,6.14,-14.38,2.7
-15.04,5.15,-14.35,2.56
-16.82,4.29,-11.45,3.94
-15.06,4.69,-8.25,5.01
-11.26,6.4,-5.77,4.8
-6.34,7.42,-8.81,4.11
-6.18,6.5,-12.59,2.69
-11.24,5.49,-14.37,1.71
-15.08,4.03,-13.86,2.22
-15.99,3.47,-11.85,3.28
-14.34,4.59,-9.51,3.57
-11.75,5.6,-8.07,2.8
-9.12,5.69,-10.61,2.88
-9.11,5.11,-12.8,2.37
-13.12,5.15,-12.69,2.36
-14.66,4.54,-10.09,3.28
-13.53,4.8,-6.74,3.44
-8.4,6.25,-3.2,2.44
-4.42,5.85,-2.5,1.95
-1.3,5.01,-6.15,2.55
-2.84,4.74,-8.67,2.37
-9.4,5.8,-9.23,1.63
-10.7,4.83,-7.92,2.06
-10.25,4.23,-5.61,2.47
-8.14,5.04,-3.1,2
-4.29,5.23,-0.53,1.15
-1.29,4.35,-1.87,0.76
-0.16,3.63,-5.89,1.57
-3.66,3.71,-8.94,1.62
-8.6,4.91,-10.43,0.83
-11.35,4.69,-10,1.34
-12.4,3.7,-6.71,1.79
-10.62,4.76,-1.7,0.93
-6.19,5.01,4.32,-0.5
2.85,2.92,5.7,-1.62
7.89,1.45,0.62,-0.9
5.79,0.85,-5.4,1.51
-1.4,2.5,-9.94,2.39
-7.93,5.44,-11.09,1.28
-12.91,5.45,-9,1.88
-11.94,4.4,-4.44,2.63
-8.48,5.6,1.07,2.01
-3.26,6.32,5.56,0.25
5.82,4.35,3.35,-1.36
8.13,2.19,-4.16,-0.37
2.57,1.29,-10.06,-0.24
-6.68,3.1,-12.42,-1.64
-12.61,4.18,-11,-1.26
-13.56,1.86,-7.24,0.36
-10.18,3.35,-3.55,0.46
-5.58,5.16,-4.33,-1.63
-2.24,3.6,-10.99,-2.75
-7.48,1.1,-14.63,-3.49
-14.99,0.37,-15.56,-4.36
-17.07,-0.33,-14.96,-4.35
-17.06,-0.99,-15.1,-4.38
-15.84,-0.97,-16.95,-5.63
-16.76,-1.6,-19.56,-7.1
-19.45,-3.17,-20.64,-7.2
-23.11,-4.64,-17.48,-5.46
-22.18,-3.64,-11.78,-4.05
-16.61,-1.41,-10.34,-4.17
-10.27,-0.2,-17.08,-5.27
-11.35,-0.97,-22.2,-5.66
-19.97,-2.51,-23.92,-6.12
-26.94,-2.88,-23.26,-5.81
-26.93,-3.07,-22.2,-5.47
-25.46,-2.53,-22.96,-5.99
-24.22,-2.06,-27.57,-7.44
-27.21,-3.36,-31.52,-9.06
-32.95,-4.86,-33.13,-9.96
-36.67,-5.86,-32.37,-9.42
-37.19,-6.21,-29.75,-8.07
-34.87,-5.27,-27.87,-7.41
-31.42,-4.13,-31.51,-8.52
-30.82,-3.89,-36.26,-9.83
-36.51,-5.08,-37.48,-9.74
-43.06,-6.06,-34.62,-8.51
-41.91,-5.32,-30.02,-7.71
-37.39,-4.31,-27.24,-7.82
-31.96,-3.89,-30.95,-8.46
-29.69,-4.44,-36.73,-8.47
-38.39,-5.14,-38.88,-8.58
-43.82,-4.28,-36.53,-7.85
-44.51,-4.27,-31.85,-7.06
-38.28,-3.23,-28.21,-6.73
-32.84,-2.64,-29.13,-6.8
-30.03,-2.87,-33.83,-6.99
-33.35,-3.62,-36.72,-6.56
-41.09,-3.03,-36.39,-6.31
-42.28,-2.32,-33.36,-5.77
-40.26,-2.21,-29.59,-5.13
-36.08,-1.74,-27.58,-4.75
-32.01,-1.31,-31.83,-5.41
-31.9,-1.59,-36.74,-6.12
-39.13,-2.28,-38.23,-6.37
-43.55,-2.44,-35.78,-5.47
-43.62,-2.43,-31.77,-4.72
-37.84,-1.34,-28.74,-4.27
-33.3,-0.84,-30.37,-4.53
-30.92,-0.77,-34.81,-4.75
-34.24,-1.25,-36.34,-4.92
-41.09,-1.29,-35.34,-4.21
-40.94,-1.21,-32.07,-2.92
-38.74,-0.52,-27.73,-2.18
-34.67,0.77,-23.99,-1.74
-29.92,1.68,-25.48,-2.12
-25.47,1.89,-29.8,-2.32
-29.92,0.93,-31.75,-2.15
-34.95,0.65,-30.5,-1.76
-35.99,1.15,-26.92,-1.11
-32.69,1.67,-22.88,-0.4
-28.24,2.3,-20.4,0.21
-23.99,2.92,-24.03,-0.51
-23.5,2.79,-29.08,-0.86
-30.34,1.72,-30.71,-0.55
-35.1,1.71,-27.57,0.06
-35.17,2.4,-21.85,0.55
-30.73,3.04,-15.33,1.45
-20.67,3.72,-9.65,2.27
-13.57,4.72,-10.66,1.83
-9.15,5.21,-15.42,1.49
-15.43,3.96,-18.45,1.58
-20.63,4,-17.61,1.78
-22.44,4.44,-13.24,1.97
-19.75,4.81,-8.07,2.18
-13.98,5,-3.84,2.51
-5.91,5.22,-5.38,2.23
-3.88,5.22,-10.13,1.93
-7.9,4.66,-13.39,2.1
-15.74,4.56,-11.7,2.57
-16.83,5.13,-6.85,2.83
-12.61,5.71,-1.83,3.12
-6.56,5.87,0.85,3.19
-1.5,6.02,-1.95,2.91
-0.69,5.82,-6.06,2.9
-5.89,5.57,-8.2,3.21
-10.2,5.77,-7.44,3.63
-11.46,6.47,-4.33,3.91
-8.68,6.88,-1.34,4.19
-4.83,7.07,-0.99,4.11
-1.96,7.28,-4.36,3.89
-2.61,7.13,-7.46,3.92
-9.08,6.79,-8.81,4.23
-11.5,7.02,-8.34,4.73
-12.09,7.51,-5.47,4.95
-10.82,8.06,-1.44,5.25
-5.01,8.27,2.54,5.7
-0.42,8.64,4.02,5.47
3.44,8.92,1.2,5.28
3.32,8.65,-2.83,5.25
-0.86,8.48,-5.64,5.49
-7.29,8.63,-6.92,5.82
-9.46,8.99,-5.96,5.88
-9.95,9.23,-2.57,5.98
-8,9.19,1.87,6.24
-1.37,9.34,5,6.16
3.36,9.46,3.12,5.1
4.95,8.88,-2.03,5.13
1.06,7.99,-6.11,5.41
-7.71,8.5,-8.07,5.84
-10.87,8.83,-6.84,5.98
-11.56,9.21,-2.43,5.96
-8.71,9.2,2.93,6.02
-3.02,9.09,7.48,5.97
5.48,9,6.75,5.03
7.77,8.48,2.11,5.01
4.15,7.83,-1.91,5.57
-1.85,8.24,-4.05,6.38
-5.79,9.03,-3.5,6.77
-7.56,10.21,0.32,6.75
-4.98,10.24,5.83,6.83
0.51,10.01,10.19,6.69
6.82,9.93,9.3,6.14
10.3,9.64,4.54,6.27
4.78,9.2,0.53,6.91
-0.99,9.87,-0.22,7.54
-4.44,10.73,3.78,7.71
-3.64,11.32,9.41,7.59
5.24,11.02,14.12,7.53
11.33,10.69,14.18,7.24
14.39,10.52,10.6,7.43
12.2,10.44,7.5,8.03
5.5,11.29,6.73,8.9
3.25,12.17,9.46,9.35
4.03,13.02,13.75,9.37
8.31,13.11,17.51,9.49
13.36,12.74,17.2,9.64
17.26,12.85,13.08,9.76
13.9,13.28,9.37,10.19
8.48,13.7,8,11.21
5,14.4,9.58,12.04
4.88,16.08,12.52,12.46
8.17,16.55,14.01,12.65
11.66,16.57,10.85,12.72
11.1,16.75,5.8,13.08
5.05,17.22,2,13.54
-0.97,17.91,1.21,13.83
-4.39,18.36,3.87,13.92
-2.78,18.63,7.96,13.6
2.21,18.29,11.73,13.36
7.33,17.52,13.77,12.76
11.37,16.83,12.33,12.44
13.33,16.16,8.77,12.51
8.75,16.35,5.83,12.64
3.98,16.82,6.04,12.97
1.56,17.08,9.71,13.16
3.3,17.39,14.29,13.09
11.2,17,18.29,13.14
16.36,16.46,18.43,13.3
19.55,16.34,14.45,13.61
15.64,17.13,10.23,14.27
9.76,18.03,8.22,15.27
5.64,19.07,10.33,16
4.94,20.21,15.05,16.05
8.93,20.58,20.18,15.87
18.16,19.38,24.44,15.8
23.82,18.42,25.6,15.8
27.54,17.86,22.77,15.94
27.23,18.14,18.58,16.37
20.37,19.61,16.05,17.14
15.53,20.84,18.11,17.65
14.21,21.84,24.04,17.44
18.78,21.73,30.59,17.02
26.48,20.38,34.35,16.26
36.55,18.1,33.05,15.59
37.62,17.35,27.81,15.62
33.43,17.87,22.26,15.93
26.5,19.09,20.03,16.44
18.55,20.42,23.26,16.43
19.26,20.73,28.72,15.88
25,19.73,33,15.25
34.07,17.48,32.32,14.52
36.35,16.51,27.35,14.5
32.84,16.67,22.16,14.77
26.07,17.89,18.79,15.33
18.32,19.31,18.62,15.73
16.19,20.22,21.87,15.37
18.01,20.16,26.79,14.99
22.8,19,31.64,14.72
28.94,17.71,32.59,13.69
35.54,15.83,27.88,13.08
33.87,15.07,20.86,13.56
26.4,16.14,15.14,14.32
14.69,18.75,12.43,14.98
9.99,19.91,14.58,14.78
9.37,20.35,20.34,14.3
14.33,19.32,27.12,14.2
22.05,17.88,31.85,13.57
32.87,15.81,29.95,12.29
34.69,14.32,23.26,12.46
29.16,14.19,16.49,13.69
20.41,16.06,12.69,14.78
10.52,19.01,15.71,14.85
10.01,19.71,23.3,14.29
16.91,18.65,31.74,13.74
26.92,16.7,36.05,12.35
36.14,14.82,32.66,11.07
38.37,12.5,25.34,12.02
30.59,13.68,19.04,13.58
21.94,16.28,17.82,14.74
14.74,19.08,22.71,14.32
18,19.25,29.37,13.46
25.76,17.31,32.99,12.21
33.42,15.19,28.28,11.1
35.6,14.03,19.89,11.55
22.96,15.15,13.64,12.55
13.65,16.98,13.9,13.08
9.18,18.18,19.24,12.74
11.84,18.29,25.75,12.5
23.18,16.43,29.12,11.85
29.67,15.44,25.49,10.96
30.8,14.48,18.95,11.43
24.47,14.44,14.2,12.34
13.74,16.62,14.61,12.97
10.85,17.69,19.89,12.85
13.89,17.86,26.77,12.42
21.65,16.7,31.36,11.64
32.85,14.53,29.24,10.54
34.55,13.47,22.68,10.92
28.96,13.64,17.17,11.8
20.68,15.38,14.54,12.54
13.35,17.33,16.65,12.5
13.33,17.74,21.77,11.86
17.81,16.93,27.25,11.33
24.27,15.44,29.46,10.34
31.86,13.56,25.92,9.68
31.04,12.51,20.33,10.43
25.03,13.02,16.13,11.56
18.5,14.79,14.25,12.47
12.99,17.08,16.27,12.36
13.02,17.58,21.27,11.92
17.03,16.71,26.95,11.7
23.12,15.54,29.41,10.88
31.59,14,25.79,10.24
31.22,13.23,19.11,10.8
24.58,13.96,13.79,11.96
16.54,15.76,12.48,12.93
10.21,18.08,17.23,13.04
12.65,18.48,24.49,12.59
20.63,17.41,30.73,11.9
29.21,15.65,31.39,10.7
36.41,13.34,26.63,10.55
32.86,12.88,21.39,11.49
25.95,14.26,17.9,12.64
20.61,15.94,18.36,13.12
17.91,17.26,23.12,12.78
21.69,17.13,29.94,12.43
28.67,15.79,34.93,11.72
36.42,14.49,34.18,10.73
40.82,13.31,28.41,10.79
35.6,14.09,23.28,11.66
27.93,15.82,22.17,12.91
23.22,17.39,25.93,13.3
25.43,18.71,31.08,12.92
31.75,17.53,34.32,12.48
37.34,15.99,32.01,12.21
39.82,15.29,26.22,12.55
32.22,16.7,21.95,13.18
25.45,18.12,22.49,13.72
22.32,18.92,27.22,13.5
27.74,18.36,32.37,13.05
34.16,16.82,34.32,12.67
38.91,15.67,30.99,12.59
38.86,15.62,25.62,12.88
33.24,16.75,22.21,13.48
24.67,18.46,23.37,13.82
23.35,19.23,27.26,13.52
26.65,18.96,30.43,13.03
31.59,17.78,29.7,12.38
34.38,16.67,24.67,12.06
30.02,16.77,19.56,11.96
23.08,17.43,17.23,11.69
18.04,17.67,18.35,11.57
17.08,17.13,21.29,11.47
20.39,16.66,23.5,11.35
23.94,16.11,23.05,10.9
25.84,15.6,20.3,10.54
23.02,14.85,18.27,10.8
19.43,14.94,20.07,11.21
18.48,15.36,24.32,10.92
22.13,15.25,28.78,10.42
29.8,13.6,32.52,10.28
34.39,12.71,34.67,10.42
37.5,12.57,35.21,10.98
38.76,13.01,35.98,11.75
39.14,14.12,38.47,12.19
40.74,14.5,41.27,11.47
44.1,14.13,43.63,9.93
47.07,12.79,44.87,9.1
49.97,10,41.79,8.21
49.55,9.59,35.79,7.58
44.42,9.91,30.55,7.52
37.18,10.36,31.21,7.63
32.16,10.44,36.73,7.04
37.12,9.2,42.66,5.57
44.61,7.09,45.16,4.39
50.27,5.15,42.41,4.71
51.62,4.78,36.7,6.42
44.08,8.34,32.03,8
37.5,10.58,33.54,8.62
34.21,11.4,38.98,8.25
40.7,10.37,44.13,7.73
47.15,9.02,46.12,7.51
51.54,7.98,43.71,7.84
51.94,7.74,38.91,8.77
48.02,8.77,34.14,9.92
39.95,11.12,31.42,10.29
35.79,12.4,31.58,9.75
34.05,12.45,33.68,9.21
36.2,11.09,35.56,8.62
38.9,10.17,35.2,7.58
40.24,9.29,30.87,6.57
38.34,8.67,24.21,6.47
28.84,9,18.31,6.62
21.33,9.78,15.79,5.76
16.78,9.34,18.92,5.89
16.12,8.29,26.02,5.72
24.87,8.28,33.6,4.35
33.96,7,35,1.98
40.22,4.9,29.59,1.76
38.1,3.5,22.24,3.96
30.26,4.65,15.75,5.72
18.76,8.47,13.69,5.55
14.11,9.21,15.04,4.76
13.98,8.24,18.42,4.5
16.79,7.24,19.85,4.09
21.82,6.89,16.53,3.93
20.6,6.38,10.89,4.72
15.21,6.55,7.17,3.99
9.07,7.62,5.38,3.26
4.06,6.58,7.19,4.04
4.15,6.45,12.55,4.6
7.89,7.58,19.33,3.96
14.77,7.74,20.31,1.82
21.58,6.49,14.22,1.03
18.12,3.59,7.57,2.79
9.51,4.29,4.69,2.92
2.87,6.86,6.22,2.59
0.81,6.66,12,2.79
6.85,5.91,17.01,2.25
14.08,6.06,15.17,1.08
17.45,5.32,9.76,1.37
9.88,4.15,5.6,2.38
4.14,5.27,5.49,1.91
1.73,5.93,9.03,1.7
3.48,4.96,12.26,1.29
8.04,4.83,10.11,0.28
10.25,3.97,4.68,-0.08
4.87,3.02,1.6,-1.86
-0.79,2.64,1.22,-2.7
-2.89,0.65,3.98,-2.58
-0.9,0.22,8.53,-2.58
3.77,0.51,11.25,-3.02
8.51,0.42,8.32,-3.75
9.5,-0.14,3.34,-3.82
4.77,-0.87,1.69,-4.85
-1.03,-1.86,3.92,-3.75
-0.84,-2.33,7.34,-2.08
2.76,-0.45,10.09,-1.46
8.19,1.9,7.95,-1.94
8.71,1.76,3.7,-2.2
4.2,0.98,1.42,-3.31
0.15,0.33,2.02,-2.79
-1.25,-0.86,4.69,-1.38
1.39,0.89,7.73,-0.51
4.93,2.34,8.12,-0.82
7.64,2.75,4.33,-1.81
6.46,1.96,0.74,-2.21
1.67,0.81,-0.34,-2.45
-2.53,0.35,0.25,-2.04
-2.42,0.35,1.02,-1.74
-1.32,0.93,0.32,-2.14
-0.54,1.16,-1.76,-2.84
-2.42,0.27,-3.88,-4.25
-4.97,-0.77,-5.25,-5.48
-7.02,-2.41,-5.18,-5.51
-8.05,-3.48,-4.05,-5.04
-6.98,-2.99,-2.32,-4.47
-5.32,-2.42,-0.61,-3.89
-3.31,-1.87,-0.61,-3.84
-1.7,-1.32,-2.17,-4.45
-2.99,-1.68,-2.13,-4.52
-4.67,-2.38,0.78,-4.22
-3.33,-2.16,5.19,-4.36
0.84,-1.8,6.97,-4.98
5.44,-2.05,2.54,-5.74
4.31,-3.23,-3.44,-5.53
-2.93,-3.66,-7.41,-4.98
-9,-2.93,-6.96,-5.08
-12.01,-2.24,-2.57,-5.51
-10.18,-2.56,3.15,-5.7
-1.34,-3.45,8.95,-5.88
4.94,-3.49,11.21,-6.65
10.04,-3.61,7.28,-7.83
10.12,-4.46,1.4,-8.24
4.55,-5.55,-3.04,-7.73
-2.13,-5.77,-2.98,-7.07
-7.07,-4.54,1.37,-6.58
-4.27,-4,6.66,-6.53
1.67,-3.65,9.25,-7.38
8.88,-3.88,6.02,-9.12
8.13,-5.2,0.57,-10.8
2.27,-7.12,-3.64,-11.9
-3.75,-8.62,-4.03,-12.38
-7.35,-9.41,-1.08,-12.59
-4.95,-9.81,2.68,-12.62
-0.58,-9.98,6.06,-12.31
3.56,-9.91,8.29,-11.92
6.92,-9.48,5.59,-12.47
7.63,-9.45,-0.56,-14.05
0.35,-10.73,-3.55,-14.77
-5.89,-12.43,-5.58,-14.56
-7.87,-12.57,-5.88,-13.85
-9.02,-12.09,-3.86,-12.68
-7.44,-11.37,0.51,-11.32
-3.65,-10.22,6.26,-10.13
2.03,-8.85,7.22,-10.55
7.38,-8,1.33,-12.72
4.23,-9.97,-0.89,-14.11
-3.98,-12.66,-1.82,-13.89
-5.05,-13.28,-1.83,-13.69
-5.29,-12.42,-1.36,-13.72
-4.32,-12.4,0.81,-13.38
-3.01,-12.48,4.28,-12.63
0.23,-11.92,6.12,-12.36
4.05,-11.01,2.93,-13.46
4.04,-11.22,-2.68,-15.06
-2.03,-13.06,-4.33,-15.06
-7.26,-14.43,-3.32,-14.48
-7.48,-13.72,-1.21,-13.81
-4.48,-12.64,0.8,-13.11
-1.93,-11.88,-0.43,-13.36
-0.69,-11.26,-4.36,-14.82
-3.51,-11.9,-6.4,-16.07
-9.61,-14.28,-6.43,-17.03
-10.5,-15.16,-5.52,-18.28
-9.74,-15.95,-4.77,-20.08
-8.28,-17.42,-4.75,-22.21
-7.26,-19.65,-4.73,-23.74
-6.98,-23.01,-4.43,-24.18
-6.92,-24.01,-3.7,-23.67
-6.6,-23.94,-1.85,-22.4
-5.59,-23.2,0.29,-21.03
-1.81,-20.96,-0.02,-20.71
-0.03,-19.77,-4.29,-21.65
-1.91,-19.96,-6.38,-21.96
-8.49,-21.49,-6.64,-21.83
-9.51,-21.25,-5.37,-21.68
-8.82,-21.13,-2.46,-20.82
-6.55,-21.11,1.35,-19.07
-0.73,-19.25,2.75,-17.79
2.76,-17.25,-1.25,-18.64
1.7,-16.6,-5.44,-20.5
-4.73,-18.35,-6.69,-20.77
-9.95,-20.42,-6.69,-20.61
-10.16,-19.79,-5.91,-20.86
-9.49,-19.85,-3.87,-20.69
-7.96,-20.38,-2.42,-20.36
-5.25,-20.16,-4.35,-21.23
-4.45,-19.87,-7.9,-23.02
-8.32,-21.49,-9.06,-23.56
-12.28,-23.31,-8.83,-23.16
-12.67,-23.13,-7.25,-22.51
-11.31,-22.63,-4.75,-21.33
-8.92,-21.95,-2.69,-20.04
-5.96,-20.55,-5.52,-20.43
-5.61,-19.06,-9.3,-22.32
-12.26,-20.6,-11.67,-23.23
-16.89,-22.29,-13.28,-23.3
-18.84,-22.51,-13.7,-23.25
-19.76,-22.57,-12.27,-22.9
-18.21,-23.16,-12.23,-22.57
-15.85,-22.84,-15.65,-23.74
-17.01,-22.76,-19.12,-25.79
-21.92,-24.13,-21.19,-27.22
-28.17,-26.49,-22.87,-27.61
-29.93,-27.18,-23.93,-27.13
-31.25,-27.37,-24.28,-26.42
-32.28,-26.7,-23.33,-26.1
-31.87,-26.08,-20.54,-25.05
-30.13,-25.52,-17.44,-22.97
-26.92,-23.8,-15.82,-21.86
-22.52,-19.99,-17.94,-22.79
-22.47,-19.8,-21.62,-24.42
-26.1,-21.67,-23.98,-25.18
-30.48,-23.47,-24.88,-24.74
-32.53,-23.8,-26.01,-23.91
-33.31,-22.55,-27.04,-23.27
-34.82,-21.3,-28.13,-22.62
-36.15,-20.07,-29.55,-21.98
-38.4,-17.96,-29.85,-20.69
-39.96,-16.22,-27.89,-18.83
-39.42,-14.07,-23.9,-16.77
-36.32,-11.69,-20.38,-15.12
-31.44,-9.56,-22.55,-14.5
-27.8,-8.05,-31.18,-15.91
-34.71,-8.69,-36.63,-18.2
-45.27,-10.17,-35.96,-18.88
-50.48,-10.02,-30.44,-17.72
-46.23,-8.19,-23.69,-16.3
-38.42,-6.4,-19.78,-15.73
-30.92,-5.6,-24.26,-16.3
-28.86,-6.1,-30.62,-17.37
-39.76,-7.89,-32.4,-17.66
-45.66,-7.55,-28.56,-16.79
-45.36,-6.15,-22.15,-15.36
-39.85,-4.75,-18.09,-14.31
-28.85,-3,-22.99,-14.56
-28.47,-2.66,-29.51,-15.5
-36.59,-3.45,-32.1,-15.89
-43.75,-4.1,-30.64,-15.66
-44.5,-3.87,-27.34,-15.27
-40.7,-3.83,-28.43,-15.59
-36.97,-3.89,-33.88,-16.84
-39.59,-4.8,-37.51,-18.01
-49.06,-6.19,-37.27,-18.49
-50.89,-6.35,-34,-18.2
-48.76,-6.41,-30.09,-17.59
-44.18,-6.51,-28.36,-17.57
-38.09,-7.11,-30.43,-18.64
